-- 测试数据
-- 评价标准
INSERT INTO `tb_eval_base_item` (`id`,`name`,`percentage`,`remark`) VALUES (1,'学生评价',30,'学生评价由学生对任课教师进行网上评价，给出评价结果。无法通过网上评教的教学环节，可以通过发放学生问卷方式进行评价，后续结果由管理员录入。对于承担多项教学任务的教师，其学生评教得分取多次评教的平均分。 ');
INSERT INTO `tb_eval_base_item` (`id`,`name`,`percentage`,`remark`) VALUES (2,'同行评价',30,'同行评价以系（教研室）为单位，分别组织系主任或同行教师对每位教师进行评价。');
INSERT INTO `tb_eval_base_item` (`id`,`name`,`percentage`,`remark`) VALUES (3,'督导评价',20,'学院教学督导和教学工作指导委员会评价根据教师教学态度、教学过程、教学水平、教学档案质量、教学成效等进行综合评价，给出评价结果。');
INSERT INTO `tb_eval_base_item` (`id`,`name`,`percentage`,`remark`) VALUES (4,'其他评价',20,'其他教学工作由教学研究与改革、产教融合、教师参加其他教学工作情况等给出评价结果，后续结果由管理员录入。');

INSERT INTO `tb_colleague_eval_base_item` (`id`,`name`,`percentage`,`remark`) VALUES (1,'教学工作量',50,NULL);
INSERT INTO `tb_colleague_eval_base_item` (`id`,`name`,`percentage`,`remark`) VALUES (2,'教学结果',50,NULL);

INSERT INTO `tb_inspector_eval_base_item` (`id`,`name`,`percentage`,`remark`) VALUES (1,'教学态度',20,NULL);
INSERT INTO `tb_inspector_eval_base_item` (`id`,`name`,`percentage`,`remark`) VALUES (2,'教学过程',20,NULL);
INSERT INTO `tb_inspector_eval_base_item` (`id`,`name`,`percentage`,`remark`) VALUES (3,'教学水平',20,NULL);
INSERT INTO `tb_inspector_eval_base_item` (`id`,`name`,`percentage`,`remark`) VALUES (4,'教学档案质量',20,NULL);
INSERT INTO `tb_inspector_eval_base_item` (`id`,`name`,`percentage`,`remark`) VALUES (5,'教学成效',20,NULL);

-- 部门
INSERT INTO `sys_dept` (`dept_id`, `parent_id`, `name`, `order_num`, `del_flag`) VALUES ('4', '3', '公共计算机教学部', '1', '0');
INSERT INTO `sys_dept` (`dept_id`, `parent_id`, `name`, `order_num`, `del_flag`) VALUES ('5', '3', '计算机工程', '2', '0');
INSERT INTO `sys_dept` (`dept_id`, `parent_id`, `name`, `order_num`, `del_flag`) VALUES ('6', '3', '教学办', '3', '0');
INSERT INTO `sys_dept` (`dept_id`, `parent_id`, `name`, `order_num`, `del_flag`) VALUES ('7', '3', '软件工程', '4', '0');
INSERT INTO `sys_dept` (`dept_id`, `parent_id`, `name`, `order_num`, `del_flag`) VALUES ('8', '3', '网络与信息工程', '5', '0');
INSERT INTO `sys_dept` (`dept_id`, `parent_id`, `name`, `order_num`, `del_flag`) VALUES ('9', '3', '实验中心', '6', '0');
INSERT INTO `sys_dept` (`dept_id`, `parent_id`, `name`, `order_num`, `del_flag`) VALUES ('10', '3', '通信工程', '7', '0');
INSERT INTO `sys_dept` (`dept_id`, `parent_id`, `name`, `order_num`, `del_flag`) VALUES ('11', '3', '团学办', '8', '0');
INSERT INTO `sys_dept` (`dept_id`, `parent_id`, `name`, `order_num`, `del_flag`) VALUES ('12', '3', '院办', '9', '0');
INSERT INTO `sys_dept` (`dept_id`, `parent_id`, `name`, `order_num`, `del_flag`) VALUES ('13', '3', '其他', '10', '0');

-- 导入角色
INSERT INTO `sys_role` (`role_id`, `role_name`, `remark`, `dept_id`, `create_time`)  VALUES (1, '信息学院教师', NULL, 3, '2019-05-23 10:19:45');
INSERT INTO `sys_role` (`role_id`, `role_name`, `remark`, `dept_id`, `create_time`)  VALUES (2, '信息学院管理员', NULL, 3, '2019-05-23 10:21:01');

INSERT INTO `sys_role_dept` (`id`, `role_id`, `dept_id`) VALUES (1, 1, 3);
INSERT INTO `sys_role_dept` (`id`, `role_id`, `dept_id`) VALUES (2, 1, 4);
INSERT INTO `sys_role_dept` (`id`, `role_id`, `dept_id`) VALUES (3, 1, 5);
INSERT INTO `sys_role_dept` (`id`, `role_id`, `dept_id`) VALUES (4, 1, 6);
INSERT INTO `sys_role_dept` (`id`, `role_id`, `dept_id`) VALUES (5, 1, 7);
INSERT INTO `sys_role_dept` (`id`, `role_id`, `dept_id`) VALUES (6, 1, 8);
INSERT INTO `sys_role_dept` (`id`, `role_id`, `dept_id`) VALUES (7, 1, 9);
INSERT INTO `sys_role_dept` (`id`, `role_id`, `dept_id`) VALUES (8, 1, 10);
INSERT INTO `sys_role_dept` (`id`, `role_id`, `dept_id`) VALUES (9, 1, 11);
INSERT INTO `sys_role_dept` (`id`, `role_id`, `dept_id`) VALUES (10, 1, 12);
INSERT INTO `sys_role_dept` (`id`, `role_id`, `dept_id`) VALUES (11, 1, 13);

INSERT INTO `sys_role_dept` (`id`, `role_id`, `dept_id`) VALUES (21, 2, 3);
INSERT INTO `sys_role_dept` (`id`, `role_id`, `dept_id`) VALUES (22, 2, 4);
INSERT INTO `sys_role_dept` (`id`, `role_id`, `dept_id`) VALUES (23, 2, 5);
INSERT INTO `sys_role_dept` (`id`, `role_id`, `dept_id`) VALUES (24, 2, 6);
INSERT INTO `sys_role_dept` (`id`, `role_id`, `dept_id`) VALUES (25, 2, 7);
INSERT INTO `sys_role_dept` (`id`, `role_id`, `dept_id`) VALUES (26, 2, 8);
INSERT INTO `sys_role_dept` (`id`, `role_id`, `dept_id`) VALUES (27, 2, 9);
INSERT INTO `sys_role_dept` (`id`, `role_id`, `dept_id`) VALUES (28, 2, 10);
INSERT INTO `sys_role_dept` (`id`, `role_id`, `dept_id`) VALUES (29, 2, 11);
INSERT INTO `sys_role_dept` (`id`, `role_id`, `dept_id`) VALUES (30, 2, 12);
INSERT INTO `sys_role_dept` (`id`, `role_id`, `dept_id`) VALUES (31, 2, 13);

INSERT INTO `sys_role_menu`(`id`,`role_id`,`menu_id`) VALUES (1, 2, 1);
INSERT INTO `sys_role_menu`(`id`,`role_id`,`menu_id`) VALUES (2, 2, 2);
INSERT INTO `sys_role_menu`(`id`,`role_id`,`menu_id`) VALUES (3, 2, 15);
INSERT INTO `sys_role_menu`(`id`,`role_id`,`menu_id`) VALUES (4, 2, 16);
INSERT INTO `sys_role_menu`(`id`,`role_id`,`menu_id`) VALUES (5, 2, 17);
INSERT INTO `sys_role_menu`(`id`,`role_id`,`menu_id`) VALUES (6, 2, 18);
INSERT INTO `sys_role_menu`(`id`,`role_id`,`menu_id`) VALUES (7, 2, 31);
INSERT INTO `sys_role_menu`(`id`,`role_id`,`menu_id`) VALUES (8, 2, 32);
INSERT INTO `sys_role_menu`(`id`,`role_id`,`menu_id`) VALUES (9, 2, 33);
INSERT INTO `sys_role_menu`(`id`,`role_id`,`menu_id`) VALUES (10, 2, 34);
INSERT INTO `sys_role_menu`(`id`,`role_id`,`menu_id`) VALUES (11, 2, 35);
INSERT INTO `sys_role_menu`(`id`,`role_id`,`menu_id`) VALUES (12, 2, 100);
INSERT INTO `sys_role_menu`(`id`,`role_id`,`menu_id`) VALUES (13, 2, 110);
INSERT INTO `sys_role_menu`(`id`,`role_id`,`menu_id`) VALUES (14, 2, 120);
INSERT INTO `sys_role_menu`(`id`,`role_id`,`menu_id`) VALUES (15, 2, 121);
INSERT INTO `sys_role_menu`(`id`,`role_id`,`menu_id`) VALUES (16, 2, 111);
INSERT INTO `sys_role_menu`(`id`,`role_id`,`menu_id`) VALUES (17, 2, 125);
INSERT INTO `sys_role_menu`(`id`,`role_id`,`menu_id`) VALUES (18, 2, 126);
INSERT INTO `sys_role_menu`(`id`,`role_id`,`menu_id`) VALUES (19, 2, 127);
INSERT INTO `sys_role_menu`(`id`,`role_id`,`menu_id`) VALUES (20, 2, 128);
INSERT INTO `sys_role_menu`(`id`,`role_id`,`menu_id`) VALUES (21, 2, 112);
INSERT INTO `sys_role_menu`(`id`,`role_id`,`menu_id`) VALUES (22, 2, 131);
INSERT INTO `sys_role_menu`(`id`,`role_id`,`menu_id`) VALUES (23, 2, 132);
INSERT INTO `sys_role_menu`(`id`,`role_id`,`menu_id`) VALUES (24, 2, 133);
INSERT INTO `sys_role_menu`(`id`,`role_id`,`menu_id`) VALUES (25, 2, 134);
INSERT INTO `sys_role_menu`(`id`,`role_id`,`menu_id`) VALUES (26, 2, 140);
INSERT INTO `sys_role_menu`(`id`,`role_id`,`menu_id`) VALUES (27, 2, 141);
INSERT INTO `sys_role_menu`(`id`,`role_id`,`menu_id`) VALUES (28, 2, 142);
INSERT INTO `sys_role_menu`(`id`,`role_id`,`menu_id`) VALUES (29, 2, 143);
INSERT INTO `sys_role_menu`(`id`,`role_id`,`menu_id`) VALUES (30, 2, 144);
INSERT INTO `sys_role_menu`(`id`,`role_id`,`menu_id`) VALUES (31, 2, 145);
INSERT INTO `sys_role_menu`(`id`,`role_id`,`menu_id`) VALUES (32, 2, 146);
INSERT INTO `sys_role_menu`(`id`,`role_id`,`menu_id`) VALUES (33, 2, 147);
INSERT INTO `sys_role_menu`(`id`,`role_id`,`menu_id`) VALUES (34, 2, 150);
INSERT INTO `sys_role_menu`(`id`,`role_id`,`menu_id`) VALUES (35, 2, 165);
INSERT INTO `sys_role_menu`(`id`,`role_id`,`menu_id`) VALUES (36, 2, 170);
INSERT INTO `sys_role_menu`(`id`,`role_id`,`menu_id`) VALUES (37, 2, 171);
INSERT INTO `sys_role_menu`(`id`,`role_id`,`menu_id`) VALUES (58, 1, 1);
INSERT INTO `sys_role_menu`(`id`,`role_id`,`menu_id`) VALUES (59, 1, 31);
INSERT INTO `sys_role_menu`(`id`,`role_id`,`menu_id`) VALUES (60, 1, 32);
INSERT INTO `sys_role_menu`(`id`,`role_id`,`menu_id`) VALUES (61, 1, 100);
INSERT INTO `sys_role_menu`(`id`,`role_id`,`menu_id`) VALUES (62, 1, 110);
INSERT INTO `sys_role_menu`(`id`,`role_id`,`menu_id`) VALUES (63, 1, 120);
INSERT INTO `sys_role_menu`(`id`,`role_id`,`menu_id`) VALUES (64, 1, 111);
INSERT INTO `sys_role_menu`(`id`,`role_id`,`menu_id`) VALUES (65, 1, 125);
INSERT INTO `sys_role_menu`(`id`,`role_id`,`menu_id`) VALUES (66, 1, 112);
INSERT INTO `sys_role_menu`(`id`,`role_id`,`menu_id`) VALUES (67, 1, 131);
INSERT INTO `sys_role_menu`(`id`,`role_id`,`menu_id`) VALUES (68, 1, 155);
INSERT INTO `sys_role_menu`(`id`,`role_id`,`menu_id`) VALUES (69, 1, 160);


-- 导入管理员
INSERT INTO `sys_user` (`user_id`, `username`, `password`, `salt`,`name`,`email`, `mobile`, `status`, `dept_id`, `create_time`) VALUES (2, 'root', '87cc92bb71a56677452154a8fc8d8980690f4682f6412999c4259b2641150466', 'DTu0BClKxwGrT2IZUi1p', '管理员', NULL, NULL, 1, 1, '2019-05-23 10:21:28');
INSERT INTO `sys_user_role` (`id`, `user_id`, `role_id`) VALUES (1, 2, 2);
-- 导入用户
DELETE FROM sys_user_role WHERE role_id = 1;
DELETE FROM sys_user WHERE user_id >= 10;
INSERT INTO `sys_user` (`user_id`, `username`, `password`, `salt`,`name`,`email`, `mobile`, `status`, `dept_id`, `create_time`) VALUES (100, '106046', '5fe3875fba6da42019e5fe5a9a9d7954dda6318307d2a7375067d7a463e74d17', 'JWGIuu1ZCzABAGhGP0If', '李新颜', 'lixinyan@lyu.edu.cn', NULL, 1, 9, '2019-06-27 12:00:00');
INSERT INTO `sys_user_role` (`id`, `user_id`, `role_id`) VALUES (100, 100, 1);
INSERT INTO `sys_user` (`user_id`, `username`, `password`, `salt`,`name`,`email`, `mobile`, `status`, `dept_id`, `create_time`) VALUES (101, '128079', '4243a0f164e835593f7e4d9f16d6c6528d5ab6d245597e0b66e18ee7026e5132', 'W8kFrYNadUrKX7JKswQN', '王守志', '52381955@qq.com', NULL, 1, 10, '2019-06-27 12:00:00');
INSERT INTO `sys_user_role` (`id`, `user_id`, `role_id`) VALUES (101, 101, 1);
INSERT INTO `sys_user` (`user_id`, `username`, `password`, `salt`,`name`,`email`, `mobile`, `status`, `dept_id`, `create_time`) VALUES (102, '197250', '6bf24827096662082e994a1a13663ea68c5b37d8504e8094f62c65280beda772', '4P4LJb8VRt4Pn1MhOvWJ', '荆长强', '303575614@qq.com', NULL, 1, 10, '2019-06-27 12:00:00');
INSERT INTO `sys_user_role` (`id`, `user_id`, `role_id`) VALUES (102, 102, 1);
INSERT INTO `sys_user` (`user_id`, `username`, `password`, `salt`,`name`,`email`, `mobile`, `status`, `dept_id`, `create_time`) VALUES (103, '124034', '2b9330bc6dc5824bebed075711b575b9a1b09d9c230a66f93816224ea9226bba', 'IkPQRUIAngIuB9zpRYrZ', '刘敏', 'snjinglm@163.com', NULL, 1, 8, '2019-06-27 12:00:00');
INSERT INTO `sys_user_role` (`id`, `user_id`, `role_id`) VALUES (103, 103, 1);
INSERT INTO `sys_user` (`user_id`, `username`, `password`, `salt`,`name`,`email`, `mobile`, `status`, `dept_id`, `create_time`) VALUES (104, '124032', '6dd236aeb841bc8a684781e98ae83abe2ba3565d6e6b06de98bcb0e23e96fe72', 'MXBhMwz2sbfIxtsvDCed', '王立波', 'wanglibo@lyu.edu.cn', NULL, 1, 7, '2019-06-27 12:00:00');
INSERT INTO `sys_user_role` (`id`, `user_id`, `role_id`) VALUES (104, 104, 1);
INSERT INTO `sys_user` (`user_id`, `username`, `password`, `salt`,`name`,`email`, `mobile`, `status`, `dept_id`, `create_time`) VALUES (105, '124033', '511ccf54574b9dcb940b73aad6b5007a82e6c50424e835ac8814881674f22d3f', 'DCNiwT0szqggzpRCVETj', '张问银', NULL, NULL, 1, 12, '2019-06-27 12:00:00');
INSERT INTO `sys_user_role` (`id`, `user_id`, `role_id`) VALUES (105, 105, 1);
INSERT INTO `sys_user` (`user_id`, `username`, `password`, `salt`,`name`,`email`, `mobile`, `status`, `dept_id`, `create_time`) VALUES (106, '199309', '0b8631cf99755d06b21b8a83f2b144ba93812184aba7e41e62747b095b9253ee', 'lST8o7B7EghfSjRDBTdB', '董艳雪', 'dyxtmb@163.com', NULL, 1, 5, '2019-06-27 12:00:00');
INSERT INTO `sys_user_role` (`id`, `user_id`, `role_id`) VALUES (106, 106, 1);
INSERT INTO `sys_user` (`user_id`, `username`, `password`, `salt`,`name`,`email`, `mobile`, `status`, `dept_id`, `create_time`) VALUES (107, '197405', 'f38205e91f3b25170d72b62395e71186ff37665f82360bcb8c48acbcf68f0cf3', '5Bl5wWhxijVrVgnh91VG', '彭寅', 'pengyin@lyu.edu.cn', NULL, 1, 11, '2019-06-27 12:00:00');
INSERT INTO `sys_user_role` (`id`, `user_id`, `role_id`) VALUES (107, 107, 1);
INSERT INTO `sys_user` (`user_id`, `username`, `password`, `salt`,`name`,`email`, `mobile`, `status`, `dept_id`, `create_time`) VALUES (108, '124029', 'a9a4bd0c44578c1c1332a7c66843833f7b19bf6c8fd80edcf84978a61935a8f4', 'CidZsknqZBMs1C4R4sUs', '王晓洁', 'wangxj732002@163.com', NULL, 1, 4, '2019-06-27 12:00:00');
INSERT INTO `sys_user_role` (`id`, `user_id`, `role_id`) VALUES (108, 108, 1);
INSERT INTO `sys_user` (`user_id`, `username`, `password`, `salt`,`name`,`email`, `mobile`, `status`, `dept_id`, `create_time`) VALUES (109, '199703', 'cb8abb58ec369ecfcb5e39e7ad7ed68811ad7453c8bcdec66c8c40fc7243fba3', 'MUNmtzaUnerVEyQCeZ0f', '许作萍', '58236530@qq.com', NULL, 1, 7, '2019-06-27 12:00:00');
INSERT INTO `sys_user_role` (`id`, `user_id`, `role_id`) VALUES (109, 109, 1);
INSERT INTO `sys_user` (`user_id`, `username`, `password`, `salt`,`name`,`email`, `mobile`, `status`, `dept_id`, `create_time`) VALUES (110, '124027', '6404558bf957630dc6463e59bf00c74d1197e0f171a619ebaac94c8b55f120d8', 'TaCpz8OgV44j6BmEA0o9', '姚晓杭', '160960@qq.com', NULL, 1, 4, '2019-06-27 12:00:00');
INSERT INTO `sys_user_role` (`id`, `user_id`, `role_id`) VALUES (110, 110, 1);
INSERT INTO `sys_user` (`user_id`, `username`, `password`, `salt`,`name`,`email`, `mobile`, `status`, `dept_id`, `create_time`) VALUES (111, '124026', '7560a7a24bec07a1474a77c37de6f1f4fcede60dbe1b81ac7ac5b6c821347c05', 'mEgqPWYyAQX2758GUtGb', '谢印芬', 'xyf.ly@163.com', NULL, 1, 5, '2019-06-27 12:00:00');
INSERT INTO `sys_user_role` (`id`, `user_id`, `role_id`) VALUES (111, 111, 1);
INSERT INTO `sys_user` (`user_id`, `username`, `password`, `salt`,`name`,`email`, `mobile`, `status`, `dept_id`, `create_time`) VALUES (112, '103048', '7cfa2d01d7af791d31db643ae84f0a2bb436915996d426fc1b195f9e09f1154d', 'cUKr0YU9Dq6WJk8KYXE1', '陈新疆', 'xinjiang.chen@163.com', NULL, 1, 7, '2019-06-27 12:00:00');
INSERT INTO `sys_user_role` (`id`, `user_id`, `role_id`) VALUES (112, 112, 1);
INSERT INTO `sys_user` (`user_id`, `username`, `password`, `salt`,`name`,`email`, `mobile`, `status`, `dept_id`, `create_time`) VALUES (113, '199663', '8e9902763a37afcaeb68bfffd94b88efab86a81fce2461ea619b1801039605e9', 'P5lJ3BJvYLeLk2zy2jw4', '杜茜', '603387367@qq.com', NULL, 1, 8, '2019-06-27 12:00:00');
INSERT INTO `sys_user_role` (`id`, `user_id`, `role_id`) VALUES (113, 113, 1);
INSERT INTO `sys_user` (`user_id`, `username`, `password`, `salt`,`name`,`email`, `mobile`, `status`, `dept_id`, `create_time`) VALUES (114, '199661', '95630b05a108f91fc640cb8fa0fc5139dfec07a987fd95fb7060a73f81a9b2b7', 'NKHa0rJ426rWLyhOHcMO', '李国强', 'lgq_2005@126.com', NULL, 1, 7, '2019-06-27 12:00:00');
INSERT INTO `sys_user_role` (`id`, `user_id`, `role_id`) VALUES (114, 114, 1);
INSERT INTO `sys_user` (`user_id`, `username`, `password`, `salt`,`name`,`email`, `mobile`, `status`, `dept_id`, `create_time`) VALUES (115, '118032', '36906da2115ae99c7286fe76a5c10aa16a8f0e04a7ffd9e5bdc878181fb0914d', 'SyJzEUyrn5ovOqsZ8A1M', '张德学', 'zhangdexue@lyu.edu.cn', NULL, 1, 10, '2019-06-27 12:00:00');
INSERT INTO `sys_user_role` (`id`, `user_id`, `role_id`) VALUES (115, 115, 1);
INSERT INTO `sys_user` (`user_id`, `username`, `password`, `salt`,`name`,`email`, `mobile`, `status`, `dept_id`, `create_time`) VALUES (116, '199700', '68c69b37af242b33113189f8e7e72470fc3394949a2709696795e3f5c917eab7', 'mdVy3jYOTfmwpQNMCiqy', '杨自芬', 'yangzifen@lyu.edu.cn', NULL, 1, 8, '2019-06-27 12:00:00');
INSERT INTO `sys_user_role` (`id`, `user_id`, `role_id`) VALUES (116, 116, 1);
INSERT INTO `sys_user` (`user_id`, `username`, `password`, `salt`,`name`,`email`, `mobile`, `status`, `dept_id`, `create_time`) VALUES (117, '199424', 'b4de3ba66d546d1a54f360313bd9489680d9b71d67bbb1b30346c1fd0df75b8e', 'u1zUUCa9Pa0IkWxUztvW', '孟庆民', 'qingmin_meng@163.com', NULL, 1, 10, '2019-06-27 12:00:00');
INSERT INTO `sys_user_role` (`id`, `user_id`, `role_id`) VALUES (117, 117, 1);
INSERT INTO `sys_user` (`user_id`, `username`, `password`, `salt`,`name`,`email`, `mobile`, `status`, `dept_id`, `create_time`) VALUES (118, '199666', '308d79b7bfecc29671d69d228650013e89a38959099deca3a9d1a6b43feec8a4', 'kaeMVxmz4Ug9JZJTIugf', '崔沂峰', 'cuiyifeng2008@126.com', NULL, 1, 10, '2019-06-27 12:00:00');
INSERT INTO `sys_user_role` (`id`, `user_id`, `role_id`) VALUES (118, 118, 1);
INSERT INTO `sys_user` (`user_id`, `username`, `password`, `salt`,`name`,`email`, `mobile`, `status`, `dept_id`, `create_time`) VALUES (119, '199786', '1e9e61b1899ac0142b906d8189524423df7df5ca0db571f3389f1a4428490598', 'MTzKTSVqQ7YWpIEQHCBZ', '王勇', NULL, NULL, 1, 13, '2019-06-27 12:00:00');
INSERT INTO `sys_user_role` (`id`, `user_id`, `role_id`) VALUES (119, 119, 1);
INSERT INTO `sys_user` (`user_id`, `username`, `password`, `salt`,`name`,`email`, `mobile`, `status`, `dept_id`, `create_time`) VALUES (120, '128069', '81b742c8cbdb566f92d293ec829d11d067b30514d89141bda4838574b38342e2', '1nbUTELsGrLmFZGwDuOt', '李艳秋', '936592412@qq.com', NULL, 1, 9, '2019-06-27 12:00:00');
INSERT INTO `sys_user_role` (`id`, `user_id`, `role_id`) VALUES (120, 120, 1);
INSERT INTO `sys_user` (`user_id`, `username`, `password`, `salt`,`name`,`email`, `mobile`, `status`, `dept_id`, `create_time`) VALUES (121, '124021', 'ed8f864dc0156df6f650091d40ee3cad6acb293d7ef30300e2ebd48892ad8091', 'Q32PcQ9Q25UNXMpg9SS3', '杨洪亮', '277191091@qq.com', NULL, 1, 5, '2019-06-27 12:00:00');
INSERT INTO `sys_user_role` (`id`, `user_id`, `role_id`) VALUES (121, 121, 1);
INSERT INTO `sys_user` (`user_id`, `username`, `password`, `salt`,`name`,`email`, `mobile`, `status`, `dept_id`, `create_time`) VALUES (122, '199319', 'f5834dcf381ac6b2984c67a6c68ca97df7bb70bd37cd03699ab7e4b53bcc0aca', 'YU1jtjxpiccAB7nXSYsl', '乔孟丽', 'qml_2005@126.com', NULL, 1, 4, '2019-06-27 12:00:00');
INSERT INTO `sys_user_role` (`id`, `user_id`, `role_id`) VALUES (122, 122, 1);
INSERT INTO `sys_user` (`user_id`, `username`, `password`, `salt`,`name`,`email`, `mobile`, `status`, `dept_id`, `create_time`) VALUES (123, '199439', 'd2d4995599e52eb6d87da57fa3d1990c86447bda6898cf76c4ae778756958e2a', 'uV90iwukQIbpjF2Vji56', '康梅娟', '46246082@qq.com', NULL, 1, 8, '2019-06-27 12:00:00');
INSERT INTO `sys_user_role` (`id`, `user_id`, `role_id`) VALUES (123, 123, 1);
INSERT INTO `sys_user` (`user_id`, `username`, `password`, `salt`,`name`,`email`, `mobile`, `status`, `dept_id`, `create_time`) VALUES (124, '199317', '615f0f6ec601a10694b4649ff13f3f09a85ba57e4835f722325340bfdefb0b97', 'XUoqXXPecvAOwAskMd7S', '张海英', 'lysfxy@126.com', NULL, 1, 4, '2019-06-27 12:00:00');
INSERT INTO `sys_user_role` (`id`, `user_id`, `role_id`) VALUES (124, 124, 1);
INSERT INTO `sys_user` (`user_id`, `username`, `password`, `salt`,`name`,`email`, `mobile`, `status`, `dept_id`, `create_time`) VALUES (125, '124019', '93bf4f1d7e2b22530fd169236d52cce0140ca0e7b7913ef2feb3114201d06c6a', 'yYJOYHQkyAGUfDdSgFsb', '刘夫江', 'liufjss@163.com', NULL, 1, 8, '2019-06-27 12:00:00');
INSERT INTO `sys_user_role` (`id`, `user_id`, `role_id`) VALUES (125, 125, 1);
INSERT INTO `sys_user` (`user_id`, `username`, `password`, `salt`,`name`,`email`, `mobile`, `status`, `dept_id`, `create_time`) VALUES (126, '124016', '66f6a9768cc7c484deff8d2028702bd32fdc5a373f7ce1c86c16a7864bfd7824', 'JWOn1vcJy65MJoMcWjvo', '傅德谦', 'fudeqian@lyu.edu.cn', NULL, 1, 5, '2019-06-27 12:00:00');
INSERT INTO `sys_user_role` (`id`, `user_id`, `role_id`) VALUES (126, 126, 1);
INSERT INTO `sys_user` (`user_id`, `username`, `password`, `salt`,`name`,`email`, `mobile`, `status`, `dept_id`, `create_time`) VALUES (127, '124017', '33621a7f3e2f0b44d93ed94480885d15dbf290a41539178796134025a76ba828', '3dJMxpUhUFFWro4IzK1s', '郝计奎', 'haojikui@163.com', NULL, 1, 5, '2019-06-27 12:00:00');
INSERT INTO `sys_user_role` (`id`, `user_id`, `role_id`) VALUES (127, 127, 1);
INSERT INTO `sys_user` (`user_id`, `username`, `password`, `salt`,`name`,`email`, `mobile`, `status`, `dept_id`, `create_time`) VALUES (128, '124014', 'b786d8023b089950f0dea9676cff4d80bf3684052aa5f5c194e5c8d9b2fcd737', 'A38znAMNOPoOYzgL4OOv', '薛琳', 'xuelinem@163.com', NULL, 1, 5, '2019-06-27 12:00:00');
INSERT INTO `sys_user_role` (`id`, `user_id`, `role_id`) VALUES (128, 128, 1);
INSERT INTO `sys_user` (`user_id`, `username`, `password`, `salt`,`name`,`email`, `mobile`, `status`, `dept_id`, `create_time`) VALUES (129, '199718', '263a72f87a1abf066e1b7378a4649c9cac88a906a629036d75e2467b88cbc2ed', 'gIkoFFayfJWEe2E0cw5x', '陈丙康', 'bingkangchen@163.com', NULL, 1, 10, '2019-06-27 12:00:00');
INSERT INTO `sys_user_role` (`id`, `user_id`, `role_id`) VALUES (129, 129, 1);
INSERT INTO `sys_user` (`user_id`, `username`, `password`, `salt`,`name`,`email`, `mobile`, `status`, `dept_id`, `create_time`) VALUES (130, '124015', '8ca4870663be731315dc0893cd2371625b0b210086364f07969d7aef91edbf96', 'iJVGsvTv1BNuVmFaqjRA', '姚晓玲', 'truetrue1234@163.com', NULL, 1, 5, '2019-06-27 12:00:00');
INSERT INTO `sys_user_role` (`id`, `user_id`, `role_id`) VALUES (130, 130, 1);
INSERT INTO `sys_user` (`user_id`, `username`, `password`, `salt`,`name`,`email`, `mobile`, `status`, `dept_id`, `create_time`) VALUES (131, '197133', '2239aa99a0b9a51e3cf353ab2894a16a13bbe3f2d1c550cd243221a636816605', 'aAu05tiS2HbPdLgSGR75', '李同兴', 'litongx2007@163.com', NULL, 1, 5, '2019-06-27 12:00:00');
INSERT INTO `sys_user_role` (`id`, `user_id`, `role_id`) VALUES (131, 131, 1);
INSERT INTO `sys_user` (`user_id`, `username`, `password`, `salt`,`name`,`email`, `mobile`, `status`, `dept_id`, `create_time`) VALUES (132, '199312', '3aa5f2a2f2387829ae674d39443919c39b4c4d925ebeee58a404ab46a825c197', 'HMauyAVMYHZlR5qJs8kS', '康与云', 'sdlykang@163.com', NULL, 1, 10, '2019-06-27 12:00:00');
INSERT INTO `sys_user_role` (`id`, `user_id`, `role_id`) VALUES (132, 132, 1);
INSERT INTO `sys_user` (`user_id`, `username`, `password`, `salt`,`name`,`email`, `mobile`, `status`, `dept_id`, `create_time`) VALUES (133, '199310', 'c986294f0136cd491916f04c2a445281e4c7bfaa771fc79be0a31ed99aa28acb', '7TBkxvh9PaO5e0cyBGFa', '黄夫海', 'hfh8130@163.com', NULL, 1, 10, '2019-06-27 12:00:00');
INSERT INTO `sys_user_role` (`id`, `user_id`, `role_id`) VALUES (133, 133, 1);
INSERT INTO `sys_user` (`user_id`, `username`, `password`, `salt`,`name`,`email`, `mobile`, `status`, `dept_id`, `create_time`) VALUES (134, '197132', '1320c1e82286632f2ffd668af5e1fe8e5704148f1e9c7d820cfebab6239e35e6', 'MSgXTS19CGOvQImINFWV', '王永芳', 'greenworld6@163.com', NULL, 1, 7, '2019-06-27 12:00:00');
INSERT INTO `sys_user_role` (`id`, `user_id`, `role_id`) VALUES (134, 134, 1);
INSERT INTO `sys_user` (`user_id`, `username`, `password`, `salt`,`name`,`email`, `mobile`, `status`, `dept_id`, `create_time`) VALUES (135, '199711', '905989730e5b3be740fabc8b8b54d74d57be7955183131fb236f9fbe27915272', '4MebM6bpcR3gFZtmG2m3', '臧广良', '284193904@qq.com', NULL, 1, 11, '2019-06-27 12:00:00');
INSERT INTO `sys_user_role` (`id`, `user_id`, `role_id`) VALUES (135, 135, 1);
INSERT INTO `sys_user` (`user_id`, `username`, `password`, `salt`,`name`,`email`, `mobile`, `status`, `dept_id`, `create_time`) VALUES (136, '199314', '5a04e52aa58457f1345048508c976032727feba35ccbe393a417e37c397076bb', '6elqdQYA90F8a3ZPCc69', '刘乃丽', '34541338@qq.com', NULL, 1, 5, '2019-06-27 12:00:00');
INSERT INTO `sys_user_role` (`id`, `user_id`, `role_id`) VALUES (136, 136, 1);
INSERT INTO `sys_user` (`user_id`, `username`, `password`, `salt`,`name`,`email`, `mobile`, `status`, `dept_id`, `create_time`) VALUES (137, '199313', '3203f4559a96e6db680c8ace1df0495248d110c039e3de3277eb4a0fdb0325d5', 'BiIQ38fQ13MqiG7g6qh0', '林霞', 'linx166@163.com', NULL, 1, 7, '2019-06-27 12:00:00');
INSERT INTO `sys_user_role` (`id`, `user_id`, `role_id`) VALUES (137, 137, 1);
INSERT INTO `sys_user` (`user_id`, `username`, `password`, `salt`,`name`,`email`, `mobile`, `status`, `dept_id`, `create_time`) VALUES (138, '197257', '4ebfdce8ae8a584113e2bbee30620a8780f18dc73b80565943d416f145d0a4ea', 'jURQUMBtJ6OEoeM0BGvE', '张建宝', 'jianbaozhang@163.com', NULL, 1, 10, '2019-06-27 12:00:00');
INSERT INTO `sys_user_role` (`id`, `user_id`, `role_id`) VALUES (138, 138, 1);
INSERT INTO `sys_user` (`user_id`, `username`, `password`, `salt`,`name`,`email`, `mobile`, `status`, `dept_id`, `create_time`) VALUES (139, '199038', '0ce931b27ed0b79558b098a0bb9e755b5bec027abdc435652075fb5fa620a258', 'QFOJqUeDUWcAkjFLcq17', '顾晓燕', 'guxiaoyan@lyu.edu.cn', NULL, 1, 9, '2019-06-27 12:00:00');
INSERT INTO `sys_user_role` (`id`, `user_id`, `role_id`) VALUES (139, 139, 1);
INSERT INTO `sys_user` (`user_id`, `username`, `password`, `salt`,`name`,`email`, `mobile`, `status`, `dept_id`, `create_time`) VALUES (140, '130055', '93b8fb6139eb446227358e5b71503c62e7f5a38de5b763db4d7b00767202e85e', 'mB6D4e6GTZ4RMZZpWQ4B', '杨中华', 'yangzhonghua@lyu.edu.cn', NULL, 1, 9, '2019-06-27 12:00:00');
INSERT INTO `sys_user_role` (`id`, `user_id`, `role_id`) VALUES (140, 140, 1);
INSERT INTO `sys_user` (`user_id`, `username`, `password`, `salt`,`name`,`email`, `mobile`, `status`, `dept_id`, `create_time`) VALUES (141, '199490', 'f71508934b53a189bbfe0fe91dd57ab262def5d429ac1794c1ca11026f28ae77', 're8WdsTDepnvOKHl8O4N', '刘印锋', 'lyfly1977@163.com', NULL, 1, 6, '2019-06-27 12:00:00');
INSERT INTO `sys_user_role` (`id`, `user_id`, `role_id`) VALUES (141, 141, 1);
INSERT INTO `sys_user` (`user_id`, `username`, `password`, `salt`,`name`,`email`, `mobile`, `status`, `dept_id`, `create_time`) VALUES (142, '199011', '0b31a839a584371e8fada940d4bdfe0e2204c7d1aa081d0c901a23cc7fbf947d', 'WLskC80aZ4vLFzLSHBne', '孟祥梓', 'xzim@163.com', NULL, 1, 9, '2019-06-27 12:00:00');
INSERT INTO `sys_user_role` (`id`, `user_id`, `role_id`) VALUES (142, 142, 1);
INSERT INTO `sys_user` (`user_id`, `username`, `password`, `salt`,`name`,`email`, `mobile`, `status`, `dept_id`, `create_time`) VALUES (143, '130059', '19eff69f1401a5550a967747379e0b4c1617f039c1a385de2edea87fb1686cad', '1CFN7Yi17izZ05ioCX6u', '张德伟', 'zdwspf@163.com', NULL, 1, 10, '2019-06-27 12:00:00');
INSERT INTO `sys_user_role` (`id`, `user_id`, `role_id`) VALUES (143, 143, 1);
INSERT INTO `sys_user` (`user_id`, `username`, `password`, `salt`,`name`,`email`, `mobile`, `status`, `dept_id`, `create_time`) VALUES (144, '199494', 'bc19957fedeb47b34581108e6bd49e3b427672597765b9e88d482f3a86173e82', 'hSaevZ7JVD4fG8uoq9Ld', '朱孔伟', 'zhukongwei@163.com', NULL, 1, 10, '2019-06-27 12:00:00');
INSERT INTO `sys_user_role` (`id`, `user_id`, `role_id`) VALUES (144, 144, 1);
INSERT INTO `sys_user` (`user_id`, `username`, `password`, `salt`,`name`,`email`, `mobile`, `status`, `dept_id`, `create_time`) VALUES (145, '101012', '4bfb5444286de0fb7f96473a4d87b0bd18d966175ea5cd64acff52a8c7c02022', 'kI6Xj3hxsi0LQnl1vnFx', '李洪杰', NULL, NULL, 1, 13, '2019-06-27 12:00:00');
INSERT INTO `sys_user_role` (`id`, `user_id`, `role_id`) VALUES (145, 145, 1);
INSERT INTO `sys_user` (`user_id`, `username`, `password`, `salt`,`name`,`email`, `mobile`, `status`, `dept_id`, `create_time`) VALUES (146, '124012', '6848c7981af774fa60b586be0da1693ff364d4517d048345e4351bbd995a9fe4', 'O8PoVzzYNPxkwwDGmbLF', '李宗璞', '764003091@qq.com', NULL, 1, 7, '2019-06-27 12:00:00');
INSERT INTO `sys_user_role` (`id`, `user_id`, `role_id`) VALUES (146, 146, 1);
INSERT INTO `sys_user` (`user_id`, `username`, `password`, `salt`,`name`,`email`, `mobile`, `status`, `dept_id`, `create_time`) VALUES (147, '124013', '758b866b48ecd913ca08dc6138a9a5f14352cee40150f78b54fce8b0d4b028e1', '2c707V5ifLx0ddQz18Dn', '符广全', 'fuguangquan@163.com', NULL, 1, 8, '2019-06-27 12:00:00');
INSERT INTO `sys_user_role` (`id`, `user_id`, `role_id`) VALUES (147, 147, 1);
INSERT INTO `sys_user` (`user_id`, `username`, `password`, `salt`,`name`,`email`, `mobile`, `status`, `dept_id`, `create_time`) VALUES (148, '124010', '7b7cfcfb7d98126b2e7177dacfffb4ba495ccd0bf10a962181d2572027226169', 'AjQqCx7DbhkkgMDk7F1K', '康从英', '1152841507@qq.com', NULL, 1, 5, '2019-06-27 12:00:00');
INSERT INTO `sys_user_role` (`id`, `user_id`, `role_id`) VALUES (148, 148, 1);
INSERT INTO `sys_user` (`user_id`, `username`, `password`, `salt`,`name`,`email`, `mobile`, `status`, `dept_id`, `create_time`) VALUES (149, '124009', '2024d59ad17ef38962187fa25ea75550de8d22ecee7d49cff88a977e34e964f1', 'hRmYY6BXopFEBi3wolGt', '李芃', '20881536@qq.com', NULL, 1, 5, '2019-06-27 12:00:00');
INSERT INTO `sys_user_role` (`id`, `user_id`, `role_id`) VALUES (149, 149, 1);
INSERT INTO `sys_user` (`user_id`, `username`, `password`, `salt`,`name`,`email`, `mobile`, `status`, `dept_id`, `create_time`) VALUES (150, '200099', '46253503fe805486db6cb31dce952e96e84b4c2a1cd0ac79c8cdb2dc1e6bf237', '3XBO0fHTZvqv9vO5JVUc', '张鑫', 'qingchuanxiaoke@126.com', NULL, 1, 10, '2019-06-27 12:00:00');
INSERT INTO `sys_user_role` (`id`, `user_id`, `role_id`) VALUES (150, 150, 1);
INSERT INTO `sys_user` (`user_id`, `username`, `password`, `salt`,`name`,`email`, `mobile`, `status`, `dept_id`, `create_time`) VALUES (151, '199129', 'b4e84e6047af7fc9aca42adbaef0206d3b378ae953fd500f2c2bbb7d2efa3cb0', 'evlv3W65EZNpR9DdhVPD', '赵德玉', 'zhaodeyu@lyu.edu.cn', NULL, 1, 7, '2019-06-27 12:00:00');
INSERT INTO `sys_user_role` (`id`, `user_id`, `role_id`) VALUES (151, 151, 1);
INSERT INTO `sys_user` (`user_id`, `username`, `password`, `salt`,`name`,`email`, `mobile`, `status`, `dept_id`, `create_time`) VALUES (152, '199127', '5c87e5eee7ba4600c8c08b5bd7c4ea5a2ea2dd7153ec04b7fcdeff4f9434c029', 'BOaBX3pMJPdpic11E0Z5', '孙晓燕', NULL, NULL, 1, 7, '2019-06-27 12:00:00');
INSERT INTO `sys_user_role` (`id`, `user_id`, `role_id`) VALUES (152, 152, 1);
INSERT INTO `sys_user` (`user_id`, `username`, `password`, `salt`,`name`,`email`, `mobile`, `status`, `dept_id`, `create_time`) VALUES (153, '199126', '9a21460971f03b6a682abe87cf35fdc9ec27b44e259bc7ba9007d417186e8081', 'Z8EJLl60QXDTr7lQJL4F', '杨占胜', '670418190@qq.com', NULL, 1, 7, '2019-06-27 12:00:00');
INSERT INTO `sys_user_role` (`id`, `user_id`, `role_id`) VALUES (153, 153, 1);
INSERT INTO `sys_user` (`user_id`, `username`, `password`, `salt`,`name`,`email`, `mobile`, `status`, `dept_id`, `create_time`) VALUES (154, '197620', '09c496e23388674de98e756d8b9e1b52bad92c5b410827bbf1e5c5afdf762084', 'Br2oKH5VX4xzdPbvlzFO', '唐霞', 'tangxia0910@sina.cn', NULL, 1, 11, '2019-06-27 12:00:00');
INSERT INTO `sys_user_role` (`id`, `user_id`, `role_id`) VALUES (154, 154, 1);
INSERT INTO `sys_user` (`user_id`, `username`, `password`, `salt`,`name`,`email`, `mobile`, `status`, `dept_id`, `create_time`) VALUES (155, '197638', 'b4d5163119a8b9d4adc0d3a015265c38aa67e126b651a26c9b30ff824c370d3c', '4Zseha7zgdpl1zTnK6dI', '江晓雨', NULL, NULL, 1, 10, '2019-06-27 12:00:00');
INSERT INTO `sys_user_role` (`id`, `user_id`, `role_id`) VALUES (155, 155, 1);
INSERT INTO `sys_user` (`user_id`, `username`, `password`, `salt`,`name`,`email`, `mobile`, `status`, `dept_id`, `create_time`) VALUES (156, '197114', '2d357a93f1a4bda797bfca17facd18a82abc62b4207100dcfe823888f5ea38e4', 'eQfQsQewob8xeXuZRkV2', '李焕', 'lihuan861227@163.com', NULL, 1, 11, '2019-06-27 12:00:00');
INSERT INTO `sys_user_role` (`id`, `user_id`, `role_id`) VALUES (156, 156, 1);
INSERT INTO `sys_user` (`user_id`, `username`, `password`, `salt`,`name`,`email`, `mobile`, `status`, `dept_id`, `create_time`) VALUES (157, '199594', 'ac5fb9b22cff9bc364e2b0acc892411d7f1187edc25edb60438ab043b49ec1ed', 'lsW9xIWWcPv6gMPgdBgB', '何淑庆', 'hsqlyu@163.com', NULL, 1, 7, '2019-06-27 12:00:00');
INSERT INTO `sys_user_role` (`id`, `user_id`, `role_id`) VALUES (157, 157, 1);
INSERT INTO `sys_user` (`user_id`, `username`, `password`, `salt`,`name`,`email`, `mobile`, `status`, `dept_id`, `create_time`) VALUES (158, '128037', '4c9926f13d1f26cedbbc6b3a15a7889b4f16b0433b17afa9a94fba92100779ba', 'QK1O2JPmsRdQw7tPaUPw', '王玉春', 'wangyuchun@lyu.edu.cn', NULL, 1, 9, '2019-06-27 12:00:00');
INSERT INTO `sys_user_role` (`id`, `user_id`, `role_id`) VALUES (158, 158, 1);
INSERT INTO `sys_user` (`user_id`, `username`, `password`, `salt`,`name`,`email`, `mobile`, `status`, `dept_id`, `create_time`) VALUES (159, '197570', '67237bdf3fe4a3d9b06bbbf0bfdacf207529da7e6daf5b9c649265e447b5df02', 'qiuj04WSDLUrNNrffAqN', '马志鹏', '942860945@qq.com', NULL, 1, 11, '2019-06-27 12:00:00');
INSERT INTO `sys_user_role` (`id`, `user_id`, `role_id`) VALUES (159, 159, 1);
INSERT INTO `sys_user` (`user_id`, `username`, `password`, `salt`,`name`,`email`, `mobile`, `status`, `dept_id`, `create_time`) VALUES (160, '199592', '544f525c99638ee63627fc4ebd23408a94fb2befb70de750ce39d4707091ca17', 'OHNvp2tHLWQlzEgtcYmq', '张雪飞', '419552777@qq.com', NULL, 1, 5, '2019-06-27 12:00:00');
INSERT INTO `sys_user_role` (`id`, `user_id`, `role_id`) VALUES (160, 160, 1);
INSERT INTO `sys_user` (`user_id`, `username`, `password`, `salt`,`name`,`email`, `mobile`, `status`, `dept_id`, `create_time`) VALUES (161, '200032', 'eaaabe777242326f4a06d5c57e208e8cd67dbdfe61596ff6f177caca4a060b45', 'X9pV52XgyRMcmY5g1Laz', '武传坤', '计算机网络', NULL, 1, 13, '2019-06-27 12:00:00');
INSERT INTO `sys_user_role` (`id`, `user_id`, `role_id`) VALUES (161, 161, 1);
INSERT INTO `sys_user` (`user_id`, `username`, `password`, `salt`,`name`,`email`, `mobile`, `status`, `dept_id`, `create_time`) VALUES (162, '199988', 'a5a83cd2813d9fcccf9d5fbf416d9e447c528c7e74c2c57d6ea0719c455afff6', 'Nn51vGp54T8OlBwgH9z3', '王九如', 'jiuruwang@163.com', NULL, 1, 8, '2019-06-27 12:00:00');
INSERT INTO `sys_user_role` (`id`, `user_id`, `role_id`) VALUES (162, 162, 1);
INSERT INTO `sys_user` (`user_id`, `username`, `password`, `salt`,`name`,`email`, `mobile`, `status`, `dept_id`, `create_time`) VALUES (163, '130080', '7413ea139642cec914d2c074bca029835ccb53dba93a75ef6b03b857672d60f7', 'FaPGlSySZW9oNkzfHvyW', '王振海', 'lywzhh@163.com', NULL, 1, 12, '2019-06-27 12:00:00');
INSERT INTO `sys_user_role` (`id`, `user_id`, `role_id`) VALUES (163, 163, 1);
INSERT INTO `sys_user` (`user_id`, `username`, `password`, `salt`,`name`,`email`, `mobile`, `status`, `dept_id`, `create_time`) VALUES (164, '199586', 'a379ce20e82ea872b797611826e096338447361cc004e1bd355f8563b2213958', 'to6XTVTTVu60JpPsID5i', '谢颖', 'xy163_cn@163.com', NULL, 1, 5, '2019-06-27 12:00:00');
INSERT INTO `sys_user_role` (`id`, `user_id`, `role_id`) VALUES (164, 164, 1);
INSERT INTO `sys_user` (`user_id`, `username`, `password`, `salt`,`name`,`email`, `mobile`, `status`, `dept_id`, `create_time`) VALUES (165, '197167', 'ebc264849719f9de0ea7c006c98fecdf25c3152bf80eb51a634e7a2b20726352', '6fyk5IR66neMqN7bJFmo', '张明雪', '906360561@qq.com', NULL, 1, 6, '2019-06-27 12:00:00');
INSERT INTO `sys_user_role` (`id`, `user_id`, `role_id`) VALUES (165, 165, 1);
INSERT INTO `sys_user` (`user_id`, `username`, `password`, `salt`,`name`,`email`, `mobile`, `status`, `dept_id`, `create_time`) VALUES (166, '197563', '7edacd69c16964386b13776a041a00dfbe9a13fd8520722cb9e6ee36d147cbe5', 'ppQyMVgY9iNgIdxt5szC', '张兴', '635462663@qq.com', NULL, 1, 10, '2019-06-27 12:00:00');
INSERT INTO `sys_user_role` (`id`, `user_id`, `role_id`) VALUES (166, 166, 1);
INSERT INTO `sys_user` (`user_id`, `username`, `password`, `salt`,`name`,`email`, `mobile`, `status`, `dept_id`, `create_time`) VALUES (167, '103009', '0c10028e83cd6ab7d5a84b8f3163802e5e24197d5a40e8580ff27269c06387fe', 'jS7rSr4prXTZmD3KCVoP', '冯炀', NULL, NULL, 1, 13, '2019-06-27 12:00:00');
INSERT INTO `sys_user_role` (`id`, `user_id`, `role_id`) VALUES (167, 167, 1);
INSERT INTO `sys_user` (`user_id`, `username`, `password`, `salt`,`name`,`email`, `mobile`, `status`, `dept_id`, `create_time`) VALUES (168, '130082', 'b496f9e1ca33894272b87dd97f217b5cd6144b2b391ef1ec154ae872515123ea', 'tH7U9cLxzmeeXR6beX3E', '吕月娥', 'lye_lv@126.com', NULL, 1, 4, '2019-06-27 12:00:00');
INSERT INTO `sys_user_role` (`id`, `user_id`, `role_id`) VALUES (168, 168, 1);
INSERT INTO `sys_user` (`user_id`, `username`, `password`, `salt`,`name`,`email`, `mobile`, `status`, `dept_id`, `create_time`) VALUES (169, '199226', 'ebf6b9b5bfa703cf315c0090c04f708155a75669667abc15616998e89165207e', 'PuV5Drw384V4N6mUxaVd', '温莹莹', 'wenying2002@126.com', NULL, 1, 4, '2019-06-27 12:00:00');
INSERT INTO `sys_user_role` (`id`, `user_id`, `role_id`) VALUES (169, 169, 1);
INSERT INTO `sys_user` (`user_id`, `username`, `password`, `salt`,`name`,`email`, `mobile`, `status`, `dept_id`, `create_time`) VALUES (170, '197564', 'cb7b74412d7778b5c015194df087737d496b2fedbc7d9f7a800f1776c1896a8e', 'xJP7Y3p0uLahALKiWAlY', '王开祥', '825096572@qq.com', NULL, 1, 7, '2019-06-27 12:00:00');
INSERT INTO `sys_user_role` (`id`, `user_id`, `role_id`) VALUES (170, 170, 1);
INSERT INTO `sys_user` (`user_id`, `username`, `password`, `salt`,`name`,`email`, `mobile`, `status`, `dept_id`, `create_time`) VALUES (171, '199743', '7b22ba6cd19fb2402bd57f9d5b2d769e38d57790d97fd2926292fcc6a360e04a', '1paM0AxjLcHNT9DKs3oR', '陈国娟', '114977827@qq.com', NULL, 1, 12, '2019-06-27 12:00:00');
INSERT INTO `sys_user_role` (`id`, `user_id`, `role_id`) VALUES (171, 171, 1);
INSERT INTO `sys_user` (`user_id`, `username`, `password`, `salt`,`name`,`email`, `mobile`, `status`, `dept_id`, `create_time`) VALUES (172, '199914', '3ccafb03d05ce9cb7d7696384c6de9ff5d91bc84f2ee6197544a7acbc9ec6a9d', 'HmSV0lUwSyO7mYNG0uip', '杨成东', 'yangchengdong2008@163.com', NULL, 1, 8, '2019-06-27 12:00:00');
INSERT INTO `sys_user_role` (`id`, `user_id`, `role_id`) VALUES (172, 172, 1);
INSERT INTO `sys_user` (`user_id`, `username`, `password`, `salt`,`name`,`email`, `mobile`, `status`, `dept_id`, `create_time`) VALUES (173, '197574', 'd4b98fa5ff02163ae13e3b6e51468ac2bd02c77abde8cb5050632cc089f3928d', 'J7doq5d5MmfHwe4ZH6qo', '蒋杨', '3307223078@qq.com', NULL, 1, 11, '2019-06-27 12:00:00');
INSERT INTO `sys_user_role` (`id`, `user_id`, `role_id`) VALUES (173, 173, 1);
INSERT INTO `sys_user` (`user_id`, `username`, `password`, `salt`,`name`,`email`, `mobile`, `status`, `dept_id`, `create_time`) VALUES (174, '197575', 'd8f01551bf8830f6064c9f7b75953c03b90c39bc893c67d3ec7dba4b481dadfb', 'SsUH1tf6HVlvCCLyAW2o', '张庆玲', '975882522@qq.com', NULL, 1, 11, '2019-06-27 12:00:00');
INSERT INTO `sys_user_role` (`id`, `user_id`, `role_id`) VALUES (174, 174, 1);
INSERT INTO `sys_user` (`user_id`, `username`, `password`, `salt`,`name`,`email`, `mobile`, `status`, `dept_id`, `create_time`) VALUES (175, '197272', 'df8018e78afb3b6b5508284831b524af8c99189873c5ede236f1da7d8faf02d6', 'c3Amp38ScvltXU9E3BxH', '付洪金', 'fuhongjin@lyu.edu.cn', NULL, 1, 11, '2019-06-27 12:00:00');
INSERT INTO `sys_user_role` (`id`, `user_id`, `role_id`) VALUES (175, 175, 1);
INSERT INTO `sys_user` (`user_id`, `username`, `password`, `salt`,`name`,`email`, `mobile`, `status`, `dept_id`, `create_time`) VALUES (176, '199174', '672f7852ae2072c75813512e65849199537fd2dc15e151a4ae89094c4502b6ab', 'PcnMHoSydTwxsz1IUOvW', '张龙翔', '1125234@qq.com', NULL, 1, 5, '2019-06-27 12:00:00');
INSERT INTO `sys_user_role` (`id`, `user_id`, `role_id`) VALUES (176, 176, 1);
INSERT INTO `sys_user` (`user_id`, `username`, `password`, `salt`,`name`,`email`, `mobile`, `status`, `dept_id`, `create_time`) VALUES (177, '124056', '1cb95d6d10e8cdf6eb6e6e85c5b8dbc7828dd493e342944a384b919cd3f52303', 'PPHTsRahLongE7t41eyZ', '潘桂荣', 'panguirong@yu.edu.cn', NULL, 1, 9, '2019-06-27 12:00:00');
INSERT INTO `sys_user_role` (`id`, `user_id`, `role_id`) VALUES (177, 177, 1);
INSERT INTO `sys_user` (`user_id`, `username`, `password`, `salt`,`name`,`email`, `mobile`, `status`, `dept_id`, `create_time`) VALUES (178, '124054', 'a5d427cfb9edba558606549746b1af5ae4bdd574801bdf15e89f51d12271d899', '6zdODzPVTFu2ZyfvdKk3', '张佩敬', NULL, NULL, 1, 13, '2019-06-27 12:00:00');
INSERT INTO `sys_user_role` (`id`, `user_id`, `role_id`) VALUES (178, 178, 1);
INSERT INTO `sys_user` (`user_id`, `username`, `password`, `salt`,`name`,`email`, `mobile`, `status`, `dept_id`, `create_time`) VALUES (179, '124052', '5f095c41780e7647d517a0bd9270c4a562e4c976b84771bb266a8953c9ea2ccb', 'nklVOfIt9Kqw9xWrGf7R', '赵慧', '157918855@qq.com', NULL, 1, 4, '2019-06-27 12:00:00');
INSERT INTO `sys_user_role` (`id`, `user_id`, `role_id`) VALUES (179, 179, 1);
INSERT INTO `sys_user` (`user_id`, `username`, `password`, `salt`,`name`,`email`, `mobile`, `status`, `dept_id`, `create_time`) VALUES (180, '124053', '32097b86b5acb61d81ce64cf414078f49addd78bc937e8c40d9ee02a889f314c', 'qEnOc9hoLvmyrQpnMRIw', '王瑾', '31886252@qq.com', NULL, 1, 9, '2019-06-27 12:00:00');
INSERT INTO `sys_user_role` (`id`, `user_id`, `role_id`) VALUES (180, 180, 1);
INSERT INTO `sys_user` (`user_id`, `username`, `password`, `salt`,`name`,`email`, `mobile`, `status`, `dept_id`, `create_time`) VALUES (181, '197305', 'af7226993f5344fb31dce89a80565a3fd54175c730a2c61ef82cfaff2c57ddb5', 'mS7a2BYEbOPTDmw4YPsT', '张林涛', '155097991@qq.com', NULL, 1, 10, '2019-06-27 12:00:00');
INSERT INTO `sys_user_role` (`id`, `user_id`, `role_id`) VALUES (181, 181, 1);
INSERT INTO `sys_user` (`user_id`, `username`, `password`, `salt`,`name`,`email`, `mobile`, `status`, `dept_id`, `create_time`) VALUES (182, '199607', 'cc59c5bfe5ed29ad7b1c6a90fad16dae93f798a1576cd3ea446390514efc875b', 'lJ7AHg0HVZgg2enYH12w', '肖雪莲', '52995677@qq.com', NULL, 1, 5, '2019-06-27 12:00:00');
INSERT INTO `sys_user_role` (`id`, `user_id`, `role_id`) VALUES (182, 182, 1);
INSERT INTO `sys_user` (`user_id`, `username`, `password`, `salt`,`name`,`email`, `mobile`, `status`, `dept_id`, `create_time`) VALUES (183, '124048', 'dda989930f1d2b337d21cab5898d6aef0e2d2ecfbfb8628463bdafe7a570a7a6', '15uu7kRsGedFj0Csbn7M', '刘海涛', 'fxlht@163.com', NULL, 1, 8, '2019-06-27 12:00:00');
INSERT INTO `sys_user_role` (`id`, `user_id`, `role_id`) VALUES (183, 183, 1);
INSERT INTO `sys_user` (`user_id`, `username`, `password`, `salt`,`name`,`email`, `mobile`, `status`, `dept_id`, `create_time`) VALUES (184, '199444', 'ff5bcf609b29d1cf1df7dc42bf306fc1156e8f9d2b552ea5d4e11f9ffc177c62', 'Fp21ikjMe28xi9UfOVaR', '张明', 'zhangming@lyu.edu.cn', NULL, 1, 13, '2019-06-27 12:00:00');
INSERT INTO `sys_user_role` (`id`, `user_id`, `role_id`) VALUES (184, 184, 1);
INSERT INTO `sys_user` (`user_id`, `username`, `password`, `salt`,`name`,`email`, `mobile`, `status`, `dept_id`, `create_time`) VALUES (185, '199288', 'bc3ed172d04b19cd048def84993f154ee3b62ccf11d9faa8a9a6f9e23fc1e992', 'j4WwPVhbco2QmbiGSap9', '刘志强', 'liuzhiqiang@lyu.edu.cn', NULL, 1, 4, '2019-06-27 12:00:00');
INSERT INTO `sys_user_role` (`id`, `user_id`, `role_id`) VALUES (185, 185, 1);
INSERT INTO `sys_user` (`user_id`, `username`, `password`, `salt`,`name`,`email`, `mobile`, `status`, `dept_id`, `create_time`) VALUES (186, '199046', '30d80ef9f759ac827f7427e2136372cc695f6987c138fa579ee9f89a07768627', 'YfbQZIJSyO5BBhLYjlgq', '胡顺波', 'hushunbo@lyu.edu.cn', NULL, 1, 10, '2019-06-27 12:00:00');
INSERT INTO `sys_user_role` (`id`, `user_id`, `role_id`) VALUES (186, 186, 1);
INSERT INTO `sys_user` (`user_id`, `username`, `password`, `salt`,`name`,`email`, `mobile`, `status`, `dept_id`, `create_time`) VALUES (187, '199320', '032a654577816805bc63d3a5de17a654159aec3efef39a877e2983001333fd33', 'e81IlipUrv5kYZY22Ovr', '王海峰', 'wanghaifeng@lyu.edu.cn', NULL, 1, 7, '2019-06-27 12:00:00');
INSERT INTO `sys_user_role` (`id`, `user_id`, `role_id`) VALUES (187, 187, 1);
INSERT INTO `sys_user` (`user_id`, `username`, `password`, `salt`,`name`,`email`, `mobile`, `status`, `dept_id`, `create_time`) VALUES (188, '199720', '489000dedba4e00f074e2a6f16a129bb0aabdafedf57141c5dbfe2066c73e0d0', 'bF5Oi6lQ2WY7Xn8p8SJg', '姜会芬', 'jianghuifen@lyu.edu.cn', NULL, 1, 10, '2019-06-27 12:00:00');
INSERT INTO `sys_user_role` (`id`, `user_id`, `role_id`) VALUES (188, 188, 1);
INSERT INTO `sys_user` (`user_id`, `username`, `password`, `salt`,`name`,`email`, `mobile`, `status`, `dept_id`, `create_time`) VALUES (189, '128088', '12cd723509359a568044b093cdb09687194019431373518d443f154ff07a4d73', 'ZeLz4Q3oKHEepiseWFBD', '刘庆虎', 'lqinghu@126.com', NULL, 1, 4, '2019-06-27 12:00:00');
INSERT INTO `sys_user_role` (`id`, `user_id`, `role_id`) VALUES (189, 189, 1);
INSERT INTO `sys_user` (`user_id`, `username`, `password`, `salt`,`name`,`email`, `mobile`, `status`, `dept_id`, `create_time`) VALUES (190, '199181', '6144349f4631e6ec1770ce63c8977af24a144896742d5cb6a8bb974c2e790da7', '0nfFG65CedoTJuGBYNfs', '郭锋', 'gflytu@163.com', NULL, 1, 10, '2019-06-27 12:00:00');
INSERT INTO `sys_user_role` (`id`, `user_id`, `role_id`) VALUES (190, 190, 1);
INSERT INTO `sys_user` (`user_id`, `username`, `password`, `salt`,`name`,`email`, `mobile`, `status`, `dept_id`, `create_time`) VALUES (191, '124046', 'da427183f0dfa7fdb342aefc8035d81d5b8d209a39169b95ab6079887f39acc8', 'mTtthH4iRiOtnwkGt1vB', '高雷', '65835387@qq.com', NULL, 1, 4, '2019-06-27 12:00:00');
INSERT INTO `sys_user_role` (`id`, `user_id`, `role_id`) VALUES (191, 191, 1);
INSERT INTO `sys_user` (`user_id`, `username`, `password`, `salt`,`name`,`email`, `mobile`, `status`, `dept_id`, `create_time`) VALUES (192, '124044', '2e70c7596e038db45b60735c6d04395f5230415ca508d205f83e13812475c6cb', 'Ckp2MS69xPzxNJAQfwc0', '曹云鹏', 'lytucyp@163.com', NULL, 1, 4, '2019-06-27 12:00:00');
INSERT INTO `sys_user_role` (`id`, `user_id`, `role_id`) VALUES (192, 192, 1);
INSERT INTO `sys_user` (`user_id`, `username`, `password`, `salt`,`name`,`email`, `mobile`, `status`, `dept_id`, `create_time`) VALUES (193, '124042', '2bd8d04b8984b9bea41525172c8f1576713542e079870070056ae8d4d64cfaab', '2Fc3b8B5XhhSAMjKH9cM', '孟凡芳', 'xxgcmengff@163.com', NULL, 1, 4, '2019-06-27 12:00:00');
INSERT INTO `sys_user_role` (`id`, `user_id`, `role_id`) VALUES (193, 193, 1);
INSERT INTO `sys_user` (`user_id`, `username`, `password`, `salt`,`name`,`email`, `mobile`, `status`, `dept_id`, `create_time`) VALUES (194, '124040', '1f376d56f9511480eace02e897ef8464ab2270d4143b7e4a9e0738a6843ff4f4', 'Ri9juI94VNkDY8xwxcRp', '徐艳', '61078961@qq.com', NULL, 1, 10, '2019-06-27 12:00:00');
INSERT INTO `sys_user_role` (`id`, `user_id`, `role_id`) VALUES (194, 194, 1);
INSERT INTO `sys_user` (`user_id`, `username`, `password`, `salt`,`name`,`email`, `mobile`, `status`, `dept_id`, `create_time`) VALUES (195, '124039', 'c70a62decfc9de558100294404c32bb0dc8c84ef18eb2a8f71ff2d8662c87316', 'D3NM4SUtXoo0cYEuqA54', '丁林花', '88207170@qq.com', NULL, 1, 8, '2019-06-27 12:00:00');
INSERT INTO `sys_user_role` (`id`, `user_id`, `role_id`) VALUES (195, 195, 1);
INSERT INTO `sys_user` (`user_id`, `username`, `password`, `salt`,`name`,`email`, `mobile`, `status`, `dept_id`, `create_time`) VALUES (196, '124036', '4127fc35ec9f3cf1827e11411ead62308fa9dc354b878efe2ac6a2b37d0b69d5', 'fu948WsBjJYAC7gPwqIF', '胡静瑶', '552762462@qq.com', NULL, 1, 4, '2019-06-27 12:00:00');
INSERT INTO `sys_user_role` (`id`, `user_id`, `role_id`) VALUES (196, 196, 1);
INSERT INTO `sys_user` (`user_id`, `username`, `password`, `salt`,`name`,`email`, `mobile`, `status`, `dept_id`, `create_time`) VALUES (197, '124037', 'dad1659d6afbae9b2bfc8f546014cc8321dcb22bd7441f56e94367f16e214059', 'GhXEItRnkL15GYMQchA4', '王昆明', 'lywkm@163.com', NULL, 1, 4, '2019-06-27 12:00:00');
INSERT INTO `sys_user_role` (`id`, `user_id`, `role_id`) VALUES (197, 197, 1);
INSERT INTO `sys_user` (`user_id`, `username`, `password`, `salt`,`name`,`email`, `mobile`, `status`, `dept_id`, `create_time`) VALUES (198, '199455', '7925be134dff76541b25fda4fd0e531426deb82051f1d5df752dcfdfdd183602', '2DgydJzSWCaljQcU4g5q', '葛艳玲', '1473955@qq.com', NULL, 1, 4, '2019-06-27 12:00:00');
INSERT INTO `sys_user_role` (`id`, `user_id`, `role_id`) VALUES (198, 198, 1);
INSERT INTO `sys_user` (`user_id`, `username`, `password`, `salt`,`name`,`email`, `mobile`, `status`, `dept_id`, `create_time`) VALUES (199, '197310', 'f3497c2cdef16991cfc93501759dc2caea605e4b6c420e7b764746a7e6c99113', 'VtwXxUwyM5yX0lxVSv4O', '刘鸣涛', 'liumingtao412@hotmail.com', NULL, 1, 5, '2019-06-27 12:00:00');
INSERT INTO `sys_user_role` (`id`, `user_id`, `role_id`) VALUES (199, 199, 1);
INSERT INTO `sys_user` (`user_id`, `username`, `password`, `salt`,`name`,`email`, `mobile`, `status`, `dept_id`, `create_time`) VALUES (200, '197038', 'f01ad19e8df064d59dfbe05c9db386c74cfb33f079f0d1a4b45c3d84e120d40b', 'CfvVTda331RWTZPFE3jb', '陈晓', 'chx717@sina.com', NULL, 1, 8, '2019-06-27 12:00:00');
INSERT INTO `sys_user_role` (`id`, `user_id`, `role_id`) VALUES (200, 200, 1);
INSERT INTO `sys_user` (`user_id`, `username`, `password`, `salt`,`name`,`email`, `mobile`, `status`, `dept_id`, `create_time`) VALUES (201, '199338', '39fae72739611e52ab84ccbc849b8b563829d28204962cb5708415f0a55c8a62', 'pca1bpr2yQtYhhpChEns', '刘玉利', 'lyl7120@163.com', NULL, 1, 10, '2019-06-27 12:00:00');
INSERT INTO `sys_user_role` (`id`, `user_id`, `role_id`) VALUES (201, 201, 1);
INSERT INTO `sys_user` (`user_id`, `username`, `password`, `salt`,`name`,`email`, `mobile`, `status`, `dept_id`, `create_time`) VALUES (202, '118043', 'b33c8388b1c14bd16832bec1f08cc45f32e57d25a730752989d2f78d5ec5e3da', 'mGKh5jmfpNnxDJ56JgMm', '徐海燕', 'xuhaiyan1997@163.com', NULL, 1, 4, '2019-06-27 12:00:00');
INSERT INTO `sys_user_role` (`id`, `user_id`, `role_id`) VALUES (202, 202, 1);
INSERT INTO `sys_user` (`user_id`, `username`, `password`, `salt`,`name`,`email`, `mobile`, `status`, `dept_id`, `create_time`) VALUES (203, '199699', '89716bc0fe437e426aed0da5ecb0178b107142dee19aedcadc724003717f830e', 'HRU3k32qiiRiKnmjJGh8', '刘丽', 'xiaoke_1981@126.com', NULL, 1, 8, '2019-06-27 12:00:00');
INSERT INTO `sys_user_role` (`id`, `user_id`, `role_id`) VALUES (203, 203, 1);
INSERT INTO `sys_user` (`user_id`, `username`, `password`, `salt`,`name`,`email`, `mobile`, `status`, `dept_id`, `create_time`) VALUES (204, '199698', 'cc965eca650dc5ced42d0f430d71fa8a00064c5e7aaaabdf35a9a380b3f9a100', 'AJigfMger0G1zLFXB9Qv', '韩丽花', 'hlh1227@126.com', NULL, 1, 7, '2019-06-27 12:00:00');
INSERT INTO `sys_user_role` (`id`, `user_id`, `role_id`) VALUES (204, 204, 1);