-- 测试数据
-- 评价标准
INSERT INTO `tb_eval_base_item` (`id`,`name`,`percentage`,`remark`) VALUES (1,'学生评价',30,'学生评价由学生对任课教师进行网上评价，给出评价结果。无法通过网上评教的教学环节，可以通过发放学生问卷方式进行评价，后续结果由管理员录入。对于承担多项教学任务的教师，其学生评教得分取多次评教的平均分。 ');
INSERT INTO `tb_eval_base_item` (`id`,`name`,`percentage`,`remark`) VALUES (2,'同行评价',30,'同行评价以系（教研室）为单位，分别组织系主任或同行教师对每位教师进行评价。');
INSERT INTO `tb_eval_base_item` (`id`,`name`,`percentage`,`remark`) VALUES (3,'督导评价',20,'学院教学督导和教学工作指导委员会评价根据教师教学态度、教学过程、教学水平、教学档案质量、教学成效等进行综合评价，给出评价结果。');
INSERT INTO `tb_eval_base_item` (`id`,`name`,`percentage`,`remark`) VALUES (4,'其他评价',20,'其他教学工作由教学研究与改革、产教融合、教师参加其他教学工作情况等给出评价结果，后续结果由管理员录入。');

INSERT INTO `tb_colleague_eval_base_item` (`id`,`name`,`percentage`,`remark`) VALUES (1,'教学工作量',50,NULL);
INSERT INTO `tb_colleague_eval_base_item` (`id`,`name`,`percentage`,`remark`) VALUES (2,'教学结果',50,NULL);

INSERT INTO `tb_inspector_eval_base_item` (`id`,`name`,`percentage`,`remark`) VALUES (1,'教学态度',20,NULL);
INSERT INTO `tb_inspector_eval_base_item` (`id`,`name`,`percentage`,`remark`) VALUES (2,'教学过程',20,NULL);
INSERT INTO `tb_inspector_eval_base_item` (`id`,`name`,`percentage`,`remark`) VALUES (3,'教学水平',20,NULL);
INSERT INTO `tb_inspector_eval_base_item` (`id`,`name`,`percentage`,`remark`) VALUES (4,'教学档案质量',20,NULL);
INSERT INTO `tb_inspector_eval_base_item` (`id`,`name`,`percentage`,`remark`) VALUES (5,'教学成效',20,NULL);

-- 部门
INSERT INTO `sys_dept` (`dept_id`, `parent_id`, `name`, `order_num`, `del_flag`) VALUES ('4', '3', '计算机工程系', '1', '0');
INSERT INTO `sys_dept` (`dept_id`, `parent_id`, `name`, `order_num`, `del_flag`) VALUES ('5', '3', '软件工程系', '2', '0');
INSERT INTO `sys_dept` (`dept_id`, `parent_id`, `name`, `order_num`, `del_flag`) VALUES ('6', '3', '通信工程系', '3', '0');
INSERT INTO `sys_dept` (`dept_id`, `parent_id`, `name`, `order_num`, `del_flag`) VALUES ('7', '3', '网络与信息工程系', '4', '0');
INSERT INTO `sys_dept` (`dept_id`, `parent_id`, `name`, `order_num`, `del_flag`) VALUES ('8', '3', '公共教学部', '5', '0');

-- 导入角色
INSERT INTO `sys_role` (`role_id`, `role_name`, `remark`, `dept_id`, `create_time`)  VALUES (1, '信息学院教师', NULL, 3, '2019-05-23 10:19:45');
INSERT INTO `sys_role` (`role_id`, `role_name`, `remark`, `dept_id`, `create_time`)  VALUES (2, '信息学院管理员', NULL, 3, '2019-05-23 10:21:01');

INSERT INTO `sys_role_dept` (`id`, `role_id`, `dept_id`) VALUES (1, 1, 3);
INSERT INTO `sys_role_dept` (`id`, `role_id`, `dept_id`) VALUES (2, 1, 4);
INSERT INTO `sys_role_dept` (`id`, `role_id`, `dept_id`) VALUES (3, 1, 5);
INSERT INTO `sys_role_dept` (`id`, `role_id`, `dept_id`) VALUES (4, 1, 6);
INSERT INTO `sys_role_dept` (`id`, `role_id`, `dept_id`) VALUES (5, 1, 7);
INSERT INTO `sys_role_dept` (`id`, `role_id`, `dept_id`) VALUES (6, 1, 8);

INSERT INTO `sys_role_dept` (`id`, `role_id`, `dept_id`) VALUES (7, 2, 3);
INSERT INTO `sys_role_dept` (`id`, `role_id`, `dept_id`) VALUES (8, 2, 4);
INSERT INTO `sys_role_dept` (`id`, `role_id`, `dept_id`) VALUES (9, 2, 5);
INSERT INTO `sys_role_dept` (`id`, `role_id`, `dept_id`) VALUES (10, 2, 6);
INSERT INTO `sys_role_dept` (`id`, `role_id`, `dept_id`) VALUES (11, 2, 7);
INSERT INTO `sys_role_dept` (`id`, `role_id`, `dept_id`) VALUES (12, 2, 8);

INSERT INTO `sys_role_menu` (`id`, `role_id`, `menu_id`) VALUES (1, 2, 1);
INSERT INTO `sys_role_menu` (`id`, `role_id`, `menu_id`) VALUES (2, 2, 2);
INSERT INTO `sys_role_menu` (`id`, `role_id`, `menu_id`) VALUES (3, 2, 15);
INSERT INTO `sys_role_menu` (`id`, `role_id`, `menu_id`) VALUES (4, 2, 16);
INSERT INTO `sys_role_menu` (`id`, `role_id`, `menu_id`) VALUES (5, 2, 17);
INSERT INTO `sys_role_menu` (`id`, `role_id`, `menu_id`) VALUES (6, 2, 18);
INSERT INTO `sys_role_menu` (`id`, `role_id`, `menu_id`) VALUES (7, 2, 31);
INSERT INTO `sys_role_menu` (`id`, `role_id`, `menu_id`) VALUES (8, 2, 32);
INSERT INTO `sys_role_menu` (`id`, `role_id`, `menu_id`) VALUES (9, 2, 33);
INSERT INTO `sys_role_menu` (`id`, `role_id`, `menu_id`) VALUES (10, 2, 34);
INSERT INTO `sys_role_menu` (`id`, `role_id`, `menu_id`) VALUES (11, 2, 35);
INSERT INTO `sys_role_menu` (`id`, `role_id`, `menu_id`) VALUES (12, 2, 100);
INSERT INTO `sys_role_menu` (`id`, `role_id`, `menu_id`) VALUES (13, 2, 110);
INSERT INTO `sys_role_menu` (`id`, `role_id`, `menu_id`) VALUES (14, 2, 120);
INSERT INTO `sys_role_menu` (`id`, `role_id`, `menu_id`) VALUES (15, 2, 121);
INSERT INTO `sys_role_menu` (`id`, `role_id`, `menu_id`) VALUES (16, 2, 111);
INSERT INTO `sys_role_menu` (`id`, `role_id`, `menu_id`) VALUES (17, 2, 125);
INSERT INTO `sys_role_menu` (`id`, `role_id`, `menu_id`) VALUES (18, 2, 126);
INSERT INTO `sys_role_menu` (`id`, `role_id`, `menu_id`) VALUES (19, 2, 127);
INSERT INTO `sys_role_menu` (`id`, `role_id`, `menu_id`) VALUES (20, 2, 128);
INSERT INTO `sys_role_menu` (`id`, `role_id`, `menu_id`) VALUES (21, 2, 112);
INSERT INTO `sys_role_menu` (`id`, `role_id`, `menu_id`) VALUES (22, 2, 131);
INSERT INTO `sys_role_menu` (`id`, `role_id`, `menu_id`) VALUES (23, 2, 132);
INSERT INTO `sys_role_menu` (`id`, `role_id`, `menu_id`) VALUES (24, 2, 133);
INSERT INTO `sys_role_menu` (`id`, `role_id`, `menu_id`) VALUES (25, 2, 134);
INSERT INTO `sys_role_menu` (`id`, `role_id`, `menu_id`) VALUES (26, 2, 140);
INSERT INTO `sys_role_menu` (`id`, `role_id`, `menu_id`) VALUES (27, 2, 141);
INSERT INTO `sys_role_menu` (`id`, `role_id`, `menu_id`) VALUES (28, 2, 142);
INSERT INTO `sys_role_menu` (`id`, `role_id`, `menu_id`) VALUES (29, 2, 143);
INSERT INTO `sys_role_menu` (`id`, `role_id`, `menu_id`) VALUES (30, 2, 144);
INSERT INTO `sys_role_menu` (`id`, `role_id`, `menu_id`) VALUES (31, 2, 145);
INSERT INTO `sys_role_menu` (`id`, `role_id`, `menu_id`) VALUES (32, 2, 146);
INSERT INTO `sys_role_menu` (`id`, `role_id`, `menu_id`) VALUES (33, 2, 147);
INSERT INTO `sys_role_menu` (`id`, `role_id`, `menu_id`) VALUES (34, 2, 150);
INSERT INTO `sys_role_menu` (`id`, `role_id`, `menu_id`) VALUES (35, 2, 151);
INSERT INTO `sys_role_menu` (`id`, `role_id`, `menu_id`) VALUES (36, 2, 152);
INSERT INTO `sys_role_menu` (`id`, `role_id`, `menu_id`) VALUES (37, 2, 153);

INSERT INTO `sys_role_menu` (`id`, `role_id`, `menu_id`) VALUES (38, 1, 1);
INSERT INTO `sys_role_menu` (`id`, `role_id`, `menu_id`) VALUES (39, 1, 31);
INSERT INTO `sys_role_menu` (`id`, `role_id`, `menu_id`) VALUES (40, 1, 32);
-- 导入管理员
INSERT INTO `sys_user` (`user_id`, `username`, `password`, `salt`,`name`,`email`, `mobile`, `status`, `dept_id`, `create_time`) VALUES (2, 'root', '87cc92bb71a56677452154a8fc8d8980690f4682f6412999c4259b2641150466', 'DTu0BClKxwGrT2IZUi1p', '管理员', NULL, NULL, 1, 1, '2019-05-23 10:21:28');
INSERT INTO `sys_user_role` (`id`, `user_id`, `role_id`) VALUES (1, 2, 2);
-- 导入用户
INSERT INTO `sys_user` (`user_id`, `username`, `password`, `salt`,`name`,`email`, `mobile`, `status`, `dept_id`, `create_time`) VALUES (10, 'wanglibo', 'f854a071e5d3747cbfb8495c0666c75636fc53c57428c6e3df7d5ffb3904ea77', 'LBmXDCbL20S0aGwCAuJa', '王立波', NULL, NULL, 1, 4, '2019-05-23 10:21:28');
INSERT INTO `sys_user_role` (`id`, `user_id`, `role_id`) VALUES (10, 10, 1);
INSERT INTO `sys_user` (`user_id`, `username`, `password`, `salt`,`name`,`email`, `mobile`, `status`, `dept_id`, `create_time`) VALUES (11, 'zhanglongxiang', 'f854a071e5d3747cbfb8495c0666c75636fc53c57428c6e3df7d5ffb3904ea77', 'LBmXDCbL20S0aGwCAuJa', '张龙翔', NULL, NULL, 1, 5, '2019-05-23 10:21:28');
INSERT INTO `sys_user_role` (`id`, `user_id`, `role_id`) VALUES (11, 11, 1);
INSERT INTO `sys_user` (`user_id`, `username`, `password`, `salt`,`name`,`email`, `mobile`, `status`, `dept_id`, `create_time`) VALUES (12, 'zhaohui', 'f854a071e5d3747cbfb8495c0666c75636fc53c57428c6e3df7d5ffb3904ea77', 'LBmXDCbL20S0aGwCAuJa', '赵慧', NULL, NULL, 1, 6, '2019-05-23 10:21:28');
INSERT INTO `sys_user_role` (`id`, `user_id`, `role_id`) VALUES (12, 12, 1);
INSERT INTO `sys_user` (`user_id`, `username`, `password`, `salt`,`name`,`email`, `mobile`, `status`, `dept_id`, `create_time`) VALUES (13, 'tangxia', 'f854a071e5d3747cbfb8495c0666c75636fc53c57428c6e3df7d5ffb3904ea77', 'LBmXDCbL20S0aGwCAuJa', '唐霞', NULL, NULL, 1, 7, '2019-05-23 10:21:28');
INSERT INTO `sys_user_role` (`id`, `user_id`, `role_id`) VALUES (13, 13, 1);
INSERT INTO `sys_user` (`user_id`, `username`, `password`, `salt`,`name`,`email`, `mobile`, `status`, `dept_id`, `create_time`) VALUES (14, 'zhanghaiying', 'f854a071e5d3747cbfb8495c0666c75636fc53c57428c6e3df7d5ffb3904ea77', 'LBmXDCbL20S0aGwCAuJa', '张海英', NULL, NULL, 1, 8, '2019-05-23 10:21:28');
INSERT INTO `sys_user_role` (`id`, `user_id`, `role_id`) VALUES (14, 14, 1);
INSERT INTO `sys_user` (`user_id`, `username`, `password`, `salt`,`name`,`email`, `mobile`, `status`, `dept_id`, `create_time`) VALUES (15, 'mengqingmin', 'f854a071e5d3747cbfb8495c0666c75636fc53c57428c6e3df7d5ffb3904ea77', 'LBmXDCbL20S0aGwCAuJa', '孟庆民', NULL, NULL, 1, 4, '2019-05-23 10:21:28');
INSERT INTO `sys_user_role` (`id`, `user_id`, `role_id`) VALUES (15, 15, 1);
INSERT INTO `sys_user` (`user_id`, `username`, `password`, `salt`,`name`,`email`, `mobile`, `status`, `dept_id`, `create_time`) VALUES (16, 'yaoxiaohang', 'f854a071e5d3747cbfb8495c0666c75636fc53c57428c6e3df7d5ffb3904ea77', 'LBmXDCbL20S0aGwCAuJa', '姚晓杭', NULL, NULL, 1, 5, '2019-05-23 10:21:28');
INSERT INTO `sys_user_role` (`id`, `user_id`, `role_id`) VALUES (16, 16, 1);
INSERT INTO `sys_user` (`user_id`, `username`, `password`, `salt`,`name`,`email`, `mobile`, `status`, `dept_id`, `create_time`) VALUES (17, 'dinglinhua', 'f854a071e5d3747cbfb8495c0666c75636fc53c57428c6e3df7d5ffb3904ea77', 'LBmXDCbL20S0aGwCAuJa', '丁林花', NULL, NULL, 1, 6, '2019-05-23 10:21:28');
INSERT INTO `sys_user_role` (`id`, `user_id`, `role_id`) VALUES (17, 17, 1);
INSERT INTO `sys_user` (`user_id`, `username`, `password`, `salt`,`name`,`email`, `mobile`, `status`, `dept_id`, `create_time`) VALUES (18, 'gaolei', 'f854a071e5d3747cbfb8495c0666c75636fc53c57428c6e3df7d5ffb3904ea77', 'LBmXDCbL20S0aGwCAuJa', '高雷', NULL, NULL, 1, 7, '2019-05-23 10:21:28');
INSERT INTO `sys_user_role` (`id`, `user_id`, `role_id`) VALUES (18, 18, 1);
INSERT INTO `sys_user` (`user_id`, `username`, `password`, `salt`,`name`,`email`, `mobile`, `status`, `dept_id`, `create_time`) VALUES (19, 'wangkaixiang', 'f854a071e5d3747cbfb8495c0666c75636fc53c57428c6e3df7d5ffb3904ea77', 'LBmXDCbL20S0aGwCAuJa', '王开祥', NULL, NULL, 1, 8, '2019-05-23 10:21:28');
INSERT INTO `sys_user_role` (`id`, `user_id`, `role_id`) VALUES (19, 19, 1);
INSERT INTO `sys_user` (`user_id`, `username`, `password`, `salt`,`name`,`email`, `mobile`, `status`, `dept_id`, `create_time`) VALUES (20, 'liuyinfeng', 'f854a071e5d3747cbfb8495c0666c75636fc53c57428c6e3df7d5ffb3904ea77', 'LBmXDCbL20S0aGwCAuJa', '刘印锋', NULL, NULL, 1, 4, '2019-05-23 10:21:28');
INSERT INTO `sys_user_role` (`id`, `user_id`, `role_id`) VALUES (20, 20, 1);
INSERT INTO `sys_user` (`user_id`, `username`, `password`, `salt`,`name`,`email`, `mobile`, `status`, `dept_id`, `create_time`) VALUES (21, 'wangyong', 'f854a071e5d3747cbfb8495c0666c75636fc53c57428c6e3df7d5ffb3904ea77', 'LBmXDCbL20S0aGwCAuJa', '王勇', NULL, NULL, 1, 5, '2019-05-23 10:21:28');
INSERT INTO `sys_user_role` (`id`, `user_id`, `role_id`) VALUES (21, 21, 1);
INSERT INTO `sys_user` (`user_id`, `username`, `password`, `salt`,`name`,`email`, `mobile`, `status`, `dept_id`, `create_time`) VALUES (22, 'liufujiang', 'f854a071e5d3747cbfb8495c0666c75636fc53c57428c6e3df7d5ffb3904ea77', 'LBmXDCbL20S0aGwCAuJa', '刘夫江', NULL, NULL, 1, 6, '2019-05-23 10:21:28');
INSERT INTO `sys_user_role` (`id`, `user_id`, `role_id`) VALUES (22, 22, 1);
INSERT INTO `sys_user` (`user_id`, `username`, `password`, `salt`,`name`,`email`, `mobile`, `status`, `dept_id`, `create_time`) VALUES (23, 'waipindingyuan', 'f854a071e5d3747cbfb8495c0666c75636fc53c57428c6e3df7d5ffb3904ea77', 'LBmXDCbL20S0aGwCAuJa', '[外聘]丁媛', NULL, NULL, 1, 7, '2019-05-23 10:21:28');
INSERT INTO `sys_user_role` (`id`, `user_id`, `role_id`) VALUES (23, 23, 1);
INSERT INTO `sys_user` (`user_id`, `username`, `password`, `salt`,`name`,`email`, `mobile`, `status`, `dept_id`, `create_time`) VALUES (24, 'zhangdewei', 'f854a071e5d3747cbfb8495c0666c75636fc53c57428c6e3df7d5ffb3904ea77', 'LBmXDCbL20S0aGwCAuJa', '张德伟', NULL, NULL, 1, 8, '2019-05-23 10:21:28');
INSERT INTO `sys_user_role` (`id`, `user_id`, `role_id`) VALUES (24, 24, 1);
INSERT INTO `sys_user` (`user_id`, `username`, `password`, `salt`,`name`,`email`, `mobile`, `status`, `dept_id`, `create_time`) VALUES (25, 'sunxiaoyan', 'f854a071e5d3747cbfb8495c0666c75636fc53c57428c6e3df7d5ffb3904ea77', 'LBmXDCbL20S0aGwCAuJa', '孙晓燕', NULL, NULL, 1, 4, '2019-05-23 10:21:28');
INSERT INTO `sys_user_role` (`id`, `user_id`, `role_id`) VALUES (25, 25, 1);
INSERT INTO `sys_user` (`user_id`, `username`, `password`, `salt`,`name`,`email`, `mobile`, `status`, `dept_id`, `create_time`) VALUES (26, 'liuyuli', 'f854a071e5d3747cbfb8495c0666c75636fc53c57428c6e3df7d5ffb3904ea77', 'LBmXDCbL20S0aGwCAuJa', '刘玉利', NULL, NULL, 1, 5, '2019-05-23 10:21:28');
INSERT INTO `sys_user_role` (`id`, `user_id`, `role_id`) VALUES (26, 26, 1);
INSERT INTO `sys_user` (`user_id`, `username`, `password`, `salt`,`name`,`email`, `mobile`, `status`, `dept_id`, `create_time`) VALUES (27, 'caoyunpeng', 'f854a071e5d3747cbfb8495c0666c75636fc53c57428c6e3df7d5ffb3904ea77', 'LBmXDCbL20S0aGwCAuJa', '曹云鹏', NULL, NULL, 1, 6, '2019-05-23 10:21:28');
INSERT INTO `sys_user_role` (`id`, `user_id`, `role_id`) VALUES (27, 27, 1);
INSERT INTO `sys_user` (`user_id`, `username`, `password`, `salt`,`name`,`email`, `mobile`, `status`, `dept_id`, `create_time`) VALUES (28, 'liuzhiqiang', 'f854a071e5d3747cbfb8495c0666c75636fc53c57428c6e3df7d5ffb3904ea77', 'LBmXDCbL20S0aGwCAuJa', '刘志强', NULL, NULL, 1, 7, '2019-05-23 10:21:28');
INSERT INTO `sys_user_role` (`id`, `user_id`, `role_id`) VALUES (28, 28, 1);
INSERT INTO `sys_user` (`user_id`, `username`, `password`, `salt`,`name`,`email`, `mobile`, `status`, `dept_id`, `create_time`) VALUES (29, 'jingzhangqiang', 'f854a071e5d3747cbfb8495c0666c75636fc53c57428c6e3df7d5ffb3904ea77', 'LBmXDCbL20S0aGwCAuJa', '荆长强', NULL, NULL, 1, 8, '2019-05-23 10:21:28');
INSERT INTO `sys_user_role` (`id`, `user_id`, `role_id`) VALUES (29, 29, 1);
INSERT INTO `sys_user` (`user_id`, `username`, `password`, `salt`,`name`,`email`, `mobile`, `status`, `dept_id`, `create_time`) VALUES (30, 'zhangwenyin', 'f854a071e5d3747cbfb8495c0666c75636fc53c57428c6e3df7d5ffb3904ea77', 'LBmXDCbL20S0aGwCAuJa', '张问银', NULL, NULL, 1, 4, '2019-05-23 10:21:28');
INSERT INTO `sys_user_role` (`id`, `user_id`, `role_id`) VALUES (30, 30, 1);
INSERT INTO `sys_user` (`user_id`, `username`, `password`, `salt`,`name`,`email`, `mobile`, `status`, `dept_id`, `create_time`) VALUES (31, 'waipinfengguimei', 'f854a071e5d3747cbfb8495c0666c75636fc53c57428c6e3df7d5ffb3904ea77', 'LBmXDCbL20S0aGwCAuJa', '[外聘]冯桂梅', NULL, NULL, 1, 5, '2019-05-23 10:21:28');
INSERT INTO `sys_user_role` (`id`, `user_id`, `role_id`) VALUES (31, 31, 1);
INSERT INTO `sys_user` (`user_id`, `username`, `password`, `salt`,`name`,`email`, `mobile`, `status`, `dept_id`, `create_time`) VALUES (32, 'zhangxuefei', 'f854a071e5d3747cbfb8495c0666c75636fc53c57428c6e3df7d5ffb3904ea77', 'LBmXDCbL20S0aGwCAuJa', '张雪飞', NULL, NULL, 1, 6, '2019-05-23 10:21:28');
INSERT INTO `sys_user_role` (`id`, `user_id`, `role_id`) VALUES (32, 32, 1);
INSERT INTO `sys_user` (`user_id`, `username`, `password`, `salt`,`name`,`email`, `mobile`, `status`, `dept_id`, `create_time`) VALUES (33, 'qiaomengli', 'f854a071e5d3747cbfb8495c0666c75636fc53c57428c6e3df7d5ffb3904ea77', 'LBmXDCbL20S0aGwCAuJa', '乔孟丽', NULL, NULL, 1, 7, '2019-05-23 10:21:28');
INSERT INTO `sys_user_role` (`id`, `user_id`, `role_id`) VALUES (33, 33, 1);
INSERT INTO `sys_user` (`user_id`, `username`, `password`, `salt`,`name`,`email`, `mobile`, `status`, `dept_id`, `create_time`) VALUES (34, 'waipinzhaoqi', 'f854a071e5d3747cbfb8495c0666c75636fc53c57428c6e3df7d5ffb3904ea77', 'LBmXDCbL20S0aGwCAuJa', '[外聘]赵琦', NULL, NULL, 1, 8, '2019-05-23 10:21:28');
INSERT INTO `sys_user_role` (`id`, `user_id`, `role_id`) VALUES (34, 34, 1);
INSERT INTO `sys_user` (`user_id`, `username`, `password`, `salt`,`name`,`email`, `mobile`, `status`, `dept_id`, `create_time`) VALUES (35, 'wenyingying', 'f854a071e5d3747cbfb8495c0666c75636fc53c57428c6e3df7d5ffb3904ea77', 'LBmXDCbL20S0aGwCAuJa', '温莹莹', NULL, NULL, 1, 4, '2019-05-23 10:21:28');
INSERT INTO `sys_user_role` (`id`, `user_id`, `role_id`) VALUES (35, 35, 1);
INSERT INTO `sys_user` (`user_id`, `username`, `password`, `salt`,`name`,`email`, `mobile`, `status`, `dept_id`, `create_time`) VALUES (36, 'xieying', 'f854a071e5d3747cbfb8495c0666c75636fc53c57428c6e3df7d5ffb3904ea77', 'LBmXDCbL20S0aGwCAuJa', '谢颖', NULL, NULL, 1, 5, '2019-05-23 10:21:28');
INSERT INTO `sys_user_role` (`id`, `user_id`, `role_id`) VALUES (36, 36, 1);
INSERT INTO `sys_user` (`user_id`, `username`, `password`, `salt`,`name`,`email`, `mobile`, `status`, `dept_id`, `create_time`) VALUES (37, 'liguoqiang', 'f854a071e5d3747cbfb8495c0666c75636fc53c57428c6e3df7d5ffb3904ea77', 'LBmXDCbL20S0aGwCAuJa', '李国强', NULL, NULL, 1, 6, '2019-05-23 10:21:28');
INSERT INTO `sys_user_role` (`id`, `user_id`, `role_id`) VALUES (37, 37, 1);
INSERT INTO `sys_user` (`user_id`, `username`, `password`, `salt`,`name`,`email`, `mobile`, `status`, `dept_id`, `create_time`) VALUES (38, 'wangshouzhi', 'f854a071e5d3747cbfb8495c0666c75636fc53c57428c6e3df7d5ffb3904ea77', 'LBmXDCbL20S0aGwCAuJa', '王守志', NULL, NULL, 1, 7, '2019-05-23 10:21:28');
INSERT INTO `sys_user_role` (`id`, `user_id`, `role_id`) VALUES (38, 38, 1);
INSERT INTO `sys_user` (`user_id`, `username`, `password`, `salt`,`name`,`email`, `mobile`, `status`, `dept_id`, `create_time`) VALUES (39, 'hujingyao', 'f854a071e5d3747cbfb8495c0666c75636fc53c57428c6e3df7d5ffb3904ea77', 'LBmXDCbL20S0aGwCAuJa', '胡静瑶', NULL, NULL, 1, 8, '2019-05-23 10:21:28');
INSERT INTO `sys_user_role` (`id`, `user_id`, `role_id`) VALUES (39, 39, 1);
INSERT INTO `sys_user` (`user_id`, `username`, `password`, `salt`,`name`,`email`, `mobile`, `status`, `dept_id`, `create_time`) VALUES (40, 'cuiyifeng', 'f854a071e5d3747cbfb8495c0666c75636fc53c57428c6e3df7d5ffb3904ea77', 'LBmXDCbL20S0aGwCAuJa', '崔沂峰', NULL, NULL, 1, 4, '2019-05-23 10:21:28');
INSERT INTO `sys_user_role` (`id`, `user_id`, `role_id`) VALUES (40, 40, 1);
INSERT INTO `sys_user` (`user_id`, `username`, `password`, `salt`,`name`,`email`, `mobile`, `status`, `dept_id`, `create_time`) VALUES (41, 'wangjiuru', 'f854a071e5d3747cbfb8495c0666c75636fc53c57428c6e3df7d5ffb3904ea77', 'LBmXDCbL20S0aGwCAuJa', '王九如', NULL, NULL, 1, 5, '2019-05-23 10:21:28');
INSERT INTO `sys_user_role` (`id`, `user_id`, `role_id`) VALUES (41, 41, 1);
INSERT INTO `sys_user` (`user_id`, `username`, `password`, `salt`,`name`,`email`, `mobile`, `status`, `dept_id`, `create_time`) VALUES (42, 'guofeng', 'f854a071e5d3747cbfb8495c0666c75636fc53c57428c6e3df7d5ffb3904ea77', 'LBmXDCbL20S0aGwCAuJa', '郭锋', NULL, NULL, 1, 6, '2019-05-23 10:21:28');
INSERT INTO `sys_user_role` (`id`, `user_id`, `role_id`) VALUES (42, 42, 1);
INSERT INTO `sys_user` (`user_id`, `username`, `password`, `salt`,`name`,`email`, `mobile`, `status`, `dept_id`, `create_time`) VALUES (43, 'wangkunming', 'f854a071e5d3747cbfb8495c0666c75636fc53c57428c6e3df7d5ffb3904ea77', 'LBmXDCbL20S0aGwCAuJa', '王昆明', NULL, NULL, 1, 7, '2019-05-23 10:21:28');
INSERT INTO `sys_user_role` (`id`, `user_id`, `role_id`) VALUES (43, 43, 1);
INSERT INTO `sys_user` (`user_id`, `username`, `password`, `salt`,`name`,`email`, `mobile`, `status`, `dept_id`, `create_time`) VALUES (44, 'fudeqian', 'f854a071e5d3747cbfb8495c0666c75636fc53c57428c6e3df7d5ffb3904ea77', 'LBmXDCbL20S0aGwCAuJa', '傅德谦', NULL, NULL, 1, 8, '2019-05-23 10:21:28');
INSERT INTO `sys_user_role` (`id`, `user_id`, `role_id`) VALUES (44, 44, 1);
INSERT INTO `sys_user` (`user_id`, `username`, `password`, `salt`,`name`,`email`, `mobile`, `status`, `dept_id`, `create_time`) VALUES (45, 'liuli', 'f854a071e5d3747cbfb8495c0666c75636fc53c57428c6e3df7d5ffb3904ea77', 'LBmXDCbL20S0aGwCAuJa', '刘丽', NULL, NULL, 1, 4, '2019-05-23 10:21:28');
INSERT INTO `sys_user_role` (`id`, `user_id`, `role_id`) VALUES (45, 45, 1);
INSERT INTO `sys_user` (`user_id`, `username`, `password`, `salt`,`name`,`email`, `mobile`, `status`, `dept_id`, `create_time`) VALUES (46, 'huangfuhai', 'f854a071e5d3747cbfb8495c0666c75636fc53c57428c6e3df7d5ffb3904ea77', 'LBmXDCbL20S0aGwCAuJa', '黄夫海', NULL, NULL, 1, 5, '2019-05-23 10:21:28');
INSERT INTO `sys_user_role` (`id`, `user_id`, `role_id`) VALUES (46, 46, 1);
INSERT INTO `sys_user` (`user_id`, `username`, `password`, `salt`,`name`,`email`, `mobile`, `status`, `dept_id`, `create_time`) VALUES (47, 'waipinzhouqifa', 'f854a071e5d3747cbfb8495c0666c75636fc53c57428c6e3df7d5ffb3904ea77', 'LBmXDCbL20S0aGwCAuJa', '[外聘]周启发', NULL, NULL, 1, 6, '2019-05-23 10:21:28');
INSERT INTO `sys_user_role` (`id`, `user_id`, `role_id`) VALUES (47, 47, 1);
INSERT INTO `sys_user` (`user_id`, `username`, `password`, `salt`,`name`,`email`, `mobile`, `status`, `dept_id`, `create_time`) VALUES (48, 'zhukongwei', 'f854a071e5d3747cbfb8495c0666c75636fc53c57428c6e3df7d5ffb3904ea77', 'LBmXDCbL20S0aGwCAuJa', '朱孔伟', NULL, NULL, 1, 7, '2019-05-23 10:21:28');
INSERT INTO `sys_user_role` (`id`, `user_id`, `role_id`) VALUES (48, 48, 1);
INSERT INTO `sys_user` (`user_id`, `username`, `password`, `salt`,`name`,`email`, `mobile`, `status`, `dept_id`, `create_time`) VALUES (49, 'fuguangquan', 'f854a071e5d3747cbfb8495c0666c75636fc53c57428c6e3df7d5ffb3904ea77', 'LBmXDCbL20S0aGwCAuJa', '符广全', NULL, NULL, 1, 8, '2019-05-23 10:21:28');
INSERT INTO `sys_user_role` (`id`, `user_id`, `role_id`) VALUES (49, 49, 1);
INSERT INTO `sys_user` (`user_id`, `username`, `password`, `salt`,`name`,`email`, `mobile`, `status`, `dept_id`, `create_time`) VALUES (50, 'liumingtao', 'f854a071e5d3747cbfb8495c0666c75636fc53c57428c6e3df7d5ffb3904ea77', 'LBmXDCbL20S0aGwCAuJa', '刘鸣涛', NULL, NULL, 1, 4, '2019-05-23 10:21:28');
INSERT INTO `sys_user_role` (`id`, `user_id`, `role_id`) VALUES (50, 50, 1);
INSERT INTO `sys_user` (`user_id`, `username`, `password`, `salt`,`name`,`email`, `mobile`, `status`, `dept_id`, `create_time`) VALUES (51, 'kangcongying', 'f854a071e5d3747cbfb8495c0666c75636fc53c57428c6e3df7d5ffb3904ea77', 'LBmXDCbL20S0aGwCAuJa', '康从英', NULL, NULL, 1, 5, '2019-05-23 10:21:28');
INSERT INTO `sys_user_role` (`id`, `user_id`, `role_id`) VALUES (51, 51, 1);
INSERT INTO `sys_user` (`user_id`, `username`, `password`, `salt`,`name`,`email`, `mobile`, `status`, `dept_id`, `create_time`) VALUES (52, 'jiangxiaoyu', 'f854a071e5d3747cbfb8495c0666c75636fc53c57428c6e3df7d5ffb3904ea77', 'LBmXDCbL20S0aGwCAuJa', '江晓雨', NULL, NULL, 1, 6, '2019-05-23 10:21:28');
INSERT INTO `sys_user_role` (`id`, `user_id`, `role_id`) VALUES (52, 52, 1);
INSERT INTO `sys_user` (`user_id`, `username`, `password`, `salt`,`name`,`email`, `mobile`, `status`, `dept_id`, `create_time`) VALUES (53, 'litongxing', 'f854a071e5d3747cbfb8495c0666c75636fc53c57428c6e3df7d5ffb3904ea77', 'LBmXDCbL20S0aGwCAuJa', '李同兴', NULL, NULL, 1, 7, '2019-05-23 10:21:28');
INSERT INTO `sys_user_role` (`id`, `user_id`, `role_id`) VALUES (53, 53, 1);
INSERT INTO `sys_user` (`user_id`, `username`, `password`, `salt`,`name`,`email`, `mobile`, `status`, `dept_id`, `create_time`) VALUES (54, 'lvyuee', 'f854a071e5d3747cbfb8495c0666c75636fc53c57428c6e3df7d5ffb3904ea77', 'LBmXDCbL20S0aGwCAuJa', '吕月娥', NULL, NULL, 1, 8, '2019-05-23 10:21:28');
INSERT INTO `sys_user_role` (`id`, `user_id`, `role_id`) VALUES (54, 54, 1);
INSERT INTO `sys_user` (`user_id`, `username`, `password`, `salt`,`name`,`email`, `mobile`, `status`, `dept_id`, `create_time`) VALUES (55, 'lizongpu', 'f854a071e5d3747cbfb8495c0666c75636fc53c57428c6e3df7d5ffb3904ea77', 'LBmXDCbL20S0aGwCAuJa', '李宗璞', NULL, NULL, 1, 4, '2019-05-23 10:21:28');
INSERT INTO `sys_user_role` (`id`, `user_id`, `role_id`) VALUES (55, 55, 1);
INSERT INTO `sys_user` (`user_id`, `username`, `password`, `salt`,`name`,`email`, `mobile`, `status`, `dept_id`, `create_time`) VALUES (56, 'geyanling', 'f854a071e5d3747cbfb8495c0666c75636fc53c57428c6e3df7d5ffb3904ea77', 'LBmXDCbL20S0aGwCAuJa', '葛艳玲', NULL, NULL, 1, 5, '2019-05-23 10:21:28');
INSERT INTO `sys_user_role` (`id`, `user_id`, `role_id`) VALUES (56, 56, 1);
INSERT INTO `sys_user` (`user_id`, `username`, `password`, `salt`,`name`,`email`, `mobile`, `status`, `dept_id`, `create_time`) VALUES (57, 'chenbingkang', 'f854a071e5d3747cbfb8495c0666c75636fc53c57428c6e3df7d5ffb3904ea77', 'LBmXDCbL20S0aGwCAuJa', '陈丙康', NULL, NULL, 1, 6, '2019-05-23 10:21:28');
INSERT INTO `sys_user_role` (`id`, `user_id`, `role_id`) VALUES (57, 57, 1);
INSERT INTO `sys_user` (`user_id`, `username`, `password`, `salt`,`name`,`email`, `mobile`, `status`, `dept_id`, `create_time`) VALUES (58, 'yanghongliang', 'f854a071e5d3747cbfb8495c0666c75636fc53c57428c6e3df7d5ffb3904ea77', 'LBmXDCbL20S0aGwCAuJa', '杨洪亮', NULL, NULL, 1, 7, '2019-05-23 10:21:28');
INSERT INTO `sys_user_role` (`id`, `user_id`, `role_id`) VALUES (58, 58, 1);
INSERT INTO `sys_user` (`user_id`, `username`, `password`, `salt`,`name`,`email`, `mobile`, `status`, `dept_id`, `create_time`) VALUES (59, 'liumin', 'f854a071e5d3747cbfb8495c0666c75636fc53c57428c6e3df7d5ffb3904ea77', 'LBmXDCbL20S0aGwCAuJa', '刘敏', NULL, NULL, 1, 8, '2019-05-23 10:21:28');
INSERT INTO `sys_user_role` (`id`, `user_id`, `role_id`) VALUES (59, 59, 1);
INSERT INTO `sys_user` (`user_id`, `username`, `password`, `salt`,`name`,`email`, `mobile`, `status`, `dept_id`, `create_time`) VALUES (60, 'waipinboshenghua', 'f854a071e5d3747cbfb8495c0666c75636fc53c57428c6e3df7d5ffb3904ea77', 'LBmXDCbL20S0aGwCAuJa', '[外聘]柏圣华', NULL, NULL, 1, 4, '2019-05-23 10:21:28');
INSERT INTO `sys_user_role` (`id`, `user_id`, `role_id`) VALUES (60, 60, 1);
INSERT INTO `sys_user` (`user_id`, `username`, `password`, `salt`,`name`,`email`, `mobile`, `status`, `dept_id`, `create_time`) VALUES (61, 'hushunbo', 'f854a071e5d3747cbfb8495c0666c75636fc53c57428c6e3df7d5ffb3904ea77', 'LBmXDCbL20S0aGwCAuJa', '胡顺波', NULL, NULL, 1, 5, '2019-05-23 10:21:28');
INSERT INTO `sys_user_role` (`id`, `user_id`, `role_id`) VALUES (61, 61, 1);
INSERT INTO `sys_user` (`user_id`, `username`, `password`, `salt`,`name`,`email`, `mobile`, `status`, `dept_id`, `create_time`) VALUES (62, 'kangmeijuan', 'f854a071e5d3747cbfb8495c0666c75636fc53c57428c6e3df7d5ffb3904ea77', 'LBmXDCbL20S0aGwCAuJa', '康梅娟', NULL, NULL, 1, 6, '2019-05-23 10:21:28');
INSERT INTO `sys_user_role` (`id`, `user_id`, `role_id`) VALUES (62, 62, 1);
INSERT INTO `sys_user` (`user_id`, `username`, `password`, `salt`,`name`,`email`, `mobile`, `status`, `dept_id`, `create_time`) VALUES (63, 'waipinhujindong', 'f854a071e5d3747cbfb8495c0666c75636fc53c57428c6e3df7d5ffb3904ea77', 'LBmXDCbL20S0aGwCAuJa', '[外聘]胡金东', NULL, NULL, 1, 7, '2019-05-23 10:21:28');
INSERT INTO `sys_user_role` (`id`, `user_id`, `role_id`) VALUES (63, 63, 1);
INSERT INTO `sys_user` (`user_id`, `username`, `password`, `salt`,`name`,`email`, `mobile`, `status`, `dept_id`, `create_time`) VALUES (64, 'xieyinfen', 'f854a071e5d3747cbfb8495c0666c75636fc53c57428c6e3df7d5ffb3904ea77', 'LBmXDCbL20S0aGwCAuJa', '谢印芬', NULL, NULL, 1, 8, '2019-05-23 10:21:28');
INSERT INTO `sys_user_role` (`id`, `user_id`, `role_id`) VALUES (64, 64, 1);
INSERT INTO `sys_user` (`user_id`, `username`, `password`, `salt`,`name`,`email`, `mobile`, `status`, `dept_id`, `create_time`) VALUES (65, 'yaoxiaoling', 'f854a071e5d3747cbfb8495c0666c75636fc53c57428c6e3df7d5ffb3904ea77', 'LBmXDCbL20S0aGwCAuJa', '姚晓玲', NULL, NULL, 1, 4, '2019-05-23 10:21:28');
INSERT INTO `sys_user_role` (`id`, `user_id`, `role_id`) VALUES (65, 65, 1);
INSERT INTO `sys_user` (`user_id`, `username`, `password`, `salt`,`name`,`email`, `mobile`, `status`, `dept_id`, `create_time`) VALUES (66, 'waipinaihaitao', 'f854a071e5d3747cbfb8495c0666c75636fc53c57428c6e3df7d5ffb3904ea77', 'LBmXDCbL20S0aGwCAuJa', '[外聘]艾海涛', NULL, NULL, 1, 5, '2019-05-23 10:21:28');
INSERT INTO `sys_user_role` (`id`, `user_id`, `role_id`) VALUES (66, 66, 1);
INSERT INTO `sys_user` (`user_id`, `username`, `password`, `salt`,`name`,`email`, `mobile`, `status`, `dept_id`, `create_time`) VALUES (67, 'duqian', 'f854a071e5d3747cbfb8495c0666c75636fc53c57428c6e3df7d5ffb3904ea77', 'LBmXDCbL20S0aGwCAuJa', '杜茜', NULL, NULL, 1, 6, '2019-05-23 10:21:28');
INSERT INTO `sys_user_role` (`id`, `user_id`, `role_id`) VALUES (67, 67, 1);
INSERT INTO `sys_user` (`user_id`, `username`, `password`, `salt`,`name`,`email`, `mobile`, `status`, `dept_id`, `create_time`) VALUES (68, 'wangzhenhai', 'f854a071e5d3747cbfb8495c0666c75636fc53c57428c6e3df7d5ffb3904ea77', 'LBmXDCbL20S0aGwCAuJa', '王振海', NULL, NULL, 1, 7, '2019-05-23 10:21:28');
INSERT INTO `sys_user_role` (`id`, `user_id`, `role_id`) VALUES (68, 68, 1);
INSERT INTO `sys_user` (`user_id`, `username`, `password`, `salt`,`name`,`email`, `mobile`, `status`, `dept_id`, `create_time`) VALUES (69, 'liunaili', 'f854a071e5d3747cbfb8495c0666c75636fc53c57428c6e3df7d5ffb3904ea77', 'LBmXDCbL20S0aGwCAuJa', '刘乃丽', NULL, NULL, 1, 8, '2019-05-23 10:21:28');
INSERT INTO `sys_user_role` (`id`, `user_id`, `role_id`) VALUES (69, 69, 1);
INSERT INTO `sys_user` (`user_id`, `username`, `password`, `salt`,`name`,`email`, `mobile`, `status`, `dept_id`, `create_time`) VALUES (70, 'haojikui', 'f854a071e5d3747cbfb8495c0666c75636fc53c57428c6e3df7d5ffb3904ea77', 'LBmXDCbL20S0aGwCAuJa', '郝计奎', NULL, NULL, 1, 4, '2019-05-23 10:21:28');
INSERT INTO `sys_user_role` (`id`, `user_id`, `role_id`) VALUES (70, 70, 1);
INSERT INTO `sys_user` (`user_id`, `username`, `password`, `salt`,`name`,`email`, `mobile`, `status`, `dept_id`, `create_time`) VALUES (71, 'waipinbaidongguan', 'f854a071e5d3747cbfb8495c0666c75636fc53c57428c6e3df7d5ffb3904ea77', 'LBmXDCbL20S0aGwCAuJa', '[外聘]白东冠', NULL, NULL, 1, 5, '2019-05-23 10:21:28');
INSERT INTO `sys_user_role` (`id`, `user_id`, `role_id`) VALUES (71, 71, 1);
INSERT INTO `sys_user` (`user_id`, `username`, `password`, `salt`,`name`,`email`, `mobile`, `status`, `dept_id`, `create_time`) VALUES (72, 'wangjin', 'f854a071e5d3747cbfb8495c0666c75636fc53c57428c6e3df7d5ffb3904ea77', 'LBmXDCbL20S0aGwCAuJa', '王瑾', NULL, NULL, 1, 6, '2019-05-23 10:21:28');
INSERT INTO `sys_user_role` (`id`, `user_id`, `role_id`) VALUES (72, 72, 1);
INSERT INTO `sys_user` (`user_id`, `username`, `password`, `salt`,`name`,`email`, `mobile`, `status`, `dept_id`, `create_time`) VALUES (73, 'liuhaitao', 'f854a071e5d3747cbfb8495c0666c75636fc53c57428c6e3df7d5ffb3904ea77', 'LBmXDCbL20S0aGwCAuJa', '刘海涛', NULL, NULL, 1, 7, '2019-05-23 10:21:28');
INSERT INTO `sys_user_role` (`id`, `user_id`, `role_id`) VALUES (73, 73, 1);
INSERT INTO `sys_user` (`user_id`, `username`, `password`, `salt`,`name`,`email`, `mobile`, `status`, `dept_id`, `create_time`) VALUES (74, 'heshuqing', 'f854a071e5d3747cbfb8495c0666c75636fc53c57428c6e3df7d5ffb3904ea77', 'LBmXDCbL20S0aGwCAuJa', '何淑庆', NULL, NULL, 1, 8, '2019-05-23 10:21:28');
INSERT INTO `sys_user_role` (`id`, `user_id`, `role_id`) VALUES (74, 74, 1);
INSERT INTO `sys_user` (`user_id`, `username`, `password`, `salt`,`name`,`email`, `mobile`, `status`, `dept_id`, `create_time`) VALUES (75, 'chenxinjiang', 'f854a071e5d3747cbfb8495c0666c75636fc53c57428c6e3df7d5ffb3904ea77', 'LBmXDCbL20S0aGwCAuJa', '陈新疆', NULL, NULL, 1, 4, '2019-05-23 10:21:28');
INSERT INTO `sys_user_role` (`id`, `user_id`, `role_id`) VALUES (75, 75, 1);
INSERT INTO `sys_user` (`user_id`, `username`, `password`, `salt`,`name`,`email`, `mobile`, `status`, `dept_id`, `create_time`) VALUES (76, 'zhangdexue', 'f854a071e5d3747cbfb8495c0666c75636fc53c57428c6e3df7d5ffb3904ea77', 'LBmXDCbL20S0aGwCAuJa', '张德学', NULL, NULL, 1, 5, '2019-05-23 10:21:28');
INSERT INTO `sys_user_role` (`id`, `user_id`, `role_id`) VALUES (76, 76, 1);
INSERT INTO `sys_user` (`user_id`, `username`, `password`, `salt`,`name`,`email`, `mobile`, `status`, `dept_id`, `create_time`) VALUES (77, 'zhangxing', 'f854a071e5d3747cbfb8495c0666c75636fc53c57428c6e3df7d5ffb3904ea77', 'LBmXDCbL20S0aGwCAuJa', '张兴', NULL, NULL, 1, 6, '2019-05-23 10:21:28');
INSERT INTO `sys_user_role` (`id`, `user_id`, `role_id`) VALUES (77, 77, 1);
INSERT INTO `sys_user` (`user_id`, `username`, `password`, `salt`,`name`,`email`, `mobile`, `status`, `dept_id`, `create_time`) VALUES (78, 'liuqinghu', 'f854a071e5d3747cbfb8495c0666c75636fc53c57428c6e3df7d5ffb3904ea77', 'LBmXDCbL20S0aGwCAuJa', '刘庆虎', NULL, NULL, 1, 7, '2019-05-23 10:21:28');
INSERT INTO `sys_user_role` (`id`, `user_id`, `role_id`) VALUES (78, 78, 1);
INSERT INTO `sys_user` (`user_id`, `username`, `password`, `salt`,`name`,`email`, `mobile`, `status`, `dept_id`, `create_time`) VALUES (79, 'wangxiaojie', 'f854a071e5d3747cbfb8495c0666c75636fc53c57428c6e3df7d5ffb3904ea77', 'LBmXDCbL20S0aGwCAuJa', '王晓洁', NULL, NULL, 1, 8, '2019-05-23 10:21:28');
INSERT INTO `sys_user_role` (`id`, `user_id`, `role_id`) VALUES (79, 79, 1);
INSERT INTO `sys_user` (`user_id`, `username`, `password`, `salt`,`name`,`email`, `mobile`, `status`, `dept_id`, `create_time`) VALUES (80, 'xuelin', 'f854a071e5d3747cbfb8495c0666c75636fc53c57428c6e3df7d5ffb3904ea77', 'LBmXDCbL20S0aGwCAuJa', '薛琳', NULL, NULL, 1, 4, '2019-05-23 10:21:28');
INSERT INTO `sys_user_role` (`id`, `user_id`, `role_id`) VALUES (80, 80, 1);
INSERT INTO `sys_user` (`user_id`, `username`, `password`, `salt`,`name`,`email`, `mobile`, `status`, `dept_id`, `create_time`) VALUES (81, 'waipinshaochanglong', 'f854a071e5d3747cbfb8495c0666c75636fc53c57428c6e3df7d5ffb3904ea77', 'LBmXDCbL20S0aGwCAuJa', '[外聘]邵常龙', NULL, NULL, 1, 5, '2019-05-23 10:21:28');
INSERT INTO `sys_user_role` (`id`, `user_id`, `role_id`) VALUES (81, 81, 1);
INSERT INTO `sys_user` (`user_id`, `username`, `password`, `salt`,`name`,`email`, `mobile`, `status`, `dept_id`, `create_time`) VALUES (82, 'linxia', 'f854a071e5d3747cbfb8495c0666c75636fc53c57428c6e3df7d5ffb3904ea77', 'LBmXDCbL20S0aGwCAuJa', '林霞', NULL, NULL, 1, 6, '2019-05-23 10:21:28');
INSERT INTO `sys_user_role` (`id`, `user_id`, `role_id`) VALUES (82, 82, 1);
INSERT INTO `sys_user` (`user_id`, `username`, `password`, `salt`,`name`,`email`, `mobile`, `status`, `dept_id`, `create_time`) VALUES (83, 'yangzhansheng', 'f854a071e5d3747cbfb8495c0666c75636fc53c57428c6e3df7d5ffb3904ea77', 'LBmXDCbL20S0aGwCAuJa', '杨占胜', NULL, NULL, 1, 7, '2019-05-23 10:21:28');
INSERT INTO `sys_user_role` (`id`, `user_id`, `role_id`) VALUES (83, 83, 1);
INSERT INTO `sys_user` (`user_id`, `username`, `password`, `salt`,`name`,`email`, `mobile`, `status`, `dept_id`, `create_time`) VALUES (84, 'xiaoxuelian', 'f854a071e5d3747cbfb8495c0666c75636fc53c57428c6e3df7d5ffb3904ea77', 'LBmXDCbL20S0aGwCAuJa', '肖雪莲', NULL, NULL, 1, 8, '2019-05-23 10:21:28');
INSERT INTO `sys_user_role` (`id`, `user_id`, `role_id`) VALUES (84, 84, 1);
INSERT INTO `sys_user` (`user_id`, `username`, `password`, `salt`,`name`,`email`, `mobile`, `status`, `dept_id`, `create_time`) VALUES (85, 'mengfanfang', 'f854a071e5d3747cbfb8495c0666c75636fc53c57428c6e3df7d5ffb3904ea77', 'LBmXDCbL20S0aGwCAuJa', '孟凡芳', NULL, NULL, 1, 4, '2019-05-23 10:21:28');
INSERT INTO `sys_user_role` (`id`, `user_id`, `role_id`) VALUES (85, 85, 1);
INSERT INTO `sys_user` (`user_id`, `username`, `password`, `salt`,`name`,`email`, `mobile`, `status`, `dept_id`, `create_time`) VALUES (86, 'zhangjianbao', 'f854a071e5d3747cbfb8495c0666c75636fc53c57428c6e3df7d5ffb3904ea77', 'LBmXDCbL20S0aGwCAuJa', '张建宝', NULL, NULL, 1, 5, '2019-05-23 10:21:28');
INSERT INTO `sys_user_role` (`id`, `user_id`, `role_id`) VALUES (86, 86, 1);
INSERT INTO `sys_user` (`user_id`, `username`, `password`, `salt`,`name`,`email`, `mobile`, `status`, `dept_id`, `create_time`) VALUES (87, 'jianghuifen', 'f854a071e5d3747cbfb8495c0666c75636fc53c57428c6e3df7d5ffb3904ea77', 'LBmXDCbL20S0aGwCAuJa', '姜会芬', NULL, NULL, 1, 6, '2019-05-23 10:21:28');
INSERT INTO `sys_user_role` (`id`, `user_id`, `role_id`) VALUES (87, 87, 1);
INSERT INTO `sys_user` (`user_id`, `username`, `password`, `salt`,`name`,`email`, `mobile`, `status`, `dept_id`, `create_time`) VALUES (88, 'zhanglintao', 'f854a071e5d3747cbfb8495c0666c75636fc53c57428c6e3df7d5ffb3904ea77', 'LBmXDCbL20S0aGwCAuJa', '张林涛', NULL, NULL, 1, 7, '2019-05-23 10:21:28');
INSERT INTO `sys_user_role` (`id`, `user_id`, `role_id`) VALUES (88, 88, 1);
INSERT INTO `sys_user` (`user_id`, `username`, `password`, `salt`,`name`,`email`, `mobile`, `status`, `dept_id`, `create_time`) VALUES (89, 'zhaodeyu', 'f854a071e5d3747cbfb8495c0666c75636fc53c57428c6e3df7d5ffb3904ea77', 'LBmXDCbL20S0aGwCAuJa', '赵德玉', NULL, NULL, 1, 8, '2019-05-23 10:21:28');
INSERT INTO `sys_user_role` (`id`, `user_id`, `role_id`) VALUES (89, 89, 1);
INSERT INTO `sys_user` (`user_id`, `username`, `password`, `salt`,`name`,`email`, `mobile`, `status`, `dept_id`, `create_time`) VALUES (90, 'lipeng', 'f854a071e5d3747cbfb8495c0666c75636fc53c57428c6e3df7d5ffb3904ea77', 'LBmXDCbL20S0aGwCAuJa', '李芃', NULL, NULL, 1, 4, '2019-05-23 10:21:28');
INSERT INTO `sys_user_role` (`id`, `user_id`, `role_id`) VALUES (90, 90, 1);
INSERT INTO `sys_user` (`user_id`, `username`, `password`, `salt`,`name`,`email`, `mobile`, `status`, `dept_id`, `create_time`) VALUES (91, 'hanlihua', 'f854a071e5d3747cbfb8495c0666c75636fc53c57428c6e3df7d5ffb3904ea77', 'LBmXDCbL20S0aGwCAuJa', '韩丽花', NULL, NULL, 1, 5, '2019-05-23 10:21:28');
INSERT INTO `sys_user_role` (`id`, `user_id`, `role_id`) VALUES (91, 91, 1);
INSERT INTO `sys_user` (`user_id`, `username`, `password`, `salt`,`name`,`email`, `mobile`, `status`, `dept_id`, `create_time`) VALUES (92, 'wangyongfang', 'f854a071e5d3747cbfb8495c0666c75636fc53c57428c6e3df7d5ffb3904ea77', 'LBmXDCbL20S0aGwCAuJa', '王永芳', NULL, NULL, 1, 6, '2019-05-23 10:21:28');
INSERT INTO `sys_user_role` (`id`, `user_id`, `role_id`) VALUES (92, 92, 1);
INSERT INTO `sys_user` (`user_id`, `username`, `password`, `salt`,`name`,`email`, `mobile`, `status`, `dept_id`, `create_time`) VALUES (93, 'dongyanxue', 'f854a071e5d3747cbfb8495c0666c75636fc53c57428c6e3df7d5ffb3904ea77', 'LBmXDCbL20S0aGwCAuJa', '董艳雪', NULL, NULL, 1, 7, '2019-05-23 10:21:28');
INSERT INTO `sys_user_role` (`id`, `user_id`, `role_id`) VALUES (93, 93, 1);
INSERT INTO `sys_user` (`user_id`, `username`, `password`, `salt`,`name`,`email`, `mobile`, `status`, `dept_id`, `create_time`) VALUES (94, 'yangzifen', 'f854a071e5d3747cbfb8495c0666c75636fc53c57428c6e3df7d5ffb3904ea77', 'LBmXDCbL20S0aGwCAuJa', '杨自芬', NULL, NULL, 1, 8, '2019-05-23 10:21:28');
INSERT INTO `sys_user_role` (`id`, `user_id`, `role_id`) VALUES (94, 94, 1);
INSERT INTO `sys_user` (`user_id`, `username`, `password`, `salt`,`name`,`email`, `mobile`, `status`, `dept_id`, `create_time`) VALUES (95, 'xuzuoping', 'f854a071e5d3747cbfb8495c0666c75636fc53c57428c6e3df7d5ffb3904ea77', 'LBmXDCbL20S0aGwCAuJa', '许作萍', NULL, NULL, 1, 4, '2019-05-23 10:21:28');
INSERT INTO `sys_user_role` (`id`, `user_id`, `role_id`) VALUES (95, 95, 1);